filename,beta_scale,beta_R,beta_G,beta_B,t_mean,Imax_mean,Imin_mean
00001.png,1.8771,0.052107,0.019334,0.016143,0.071375,0.412993,0.218668
00002.png,1.3736,0.038130,0.014148,0.011813,0.111028,0.284329,0.127481
00003.png,1.2966,0.035994,0.013355,0.011151,0.120129,0.235728,0.105541
00004.png,1.5688,0.043550,0.016159,0.013492,0.092578,0.243321,0.108115
00005.png,1.4412,0.040008,0.014844,0.012394,0.107199,0.271192,0.115820
00006.png,1.4925,0.041433,0.015373,0.012836,0.100670,0.392794,0.206521
00007.png,1.5273,0.042399,0.015731,0.013135,0.094029,0.402671,0.188396
00008.png,1.4730,0.040890,0.015172,0.012668,0.100510,0.361568,0.168198
00009.png,1.1951,0.033176,0.012309,0.010278,0.135559,0.320003,0.147418
00010.png,1.7212,0.047780,0.017728,0.014802,0.081202,0.288668,0.129675
00011.png,1.1477,0.031861,0.011822,0.009870,0.142818,0.331660,0.156130
00012.png,1.7806,0.049431,0.018341,0.015314,0.077877,0.405584,0.188187
00013.png,1.8438,0.051183,0.018991,0.015856,0.076189,0.309926,0.139093
00014.png,1.7627,0.048933,0.018156,0.015159,0.080848,0.271430,0.119269
00015.png,1.2872,0.035731,0.013258,0.011069,0.123625,0.264076,0.113675
00016.png,1.9154,0.053172,0.019729,0.016472,0.071298,0.304608,0.138091
00017.png,1.2806,0.035549,0.013190,0.011013,0.124919,0.223468,0.100649
00018.png,1.2324,0.034211,0.012694,0.010599,0.131804,0.182212,0.087442
00019.png,1.3964,0.038765,0.014383,0.012009,0.113462,0.233076,0.103800
00020.png,1.2793,0.035513,0.013177,0.011002,0.127396,0.191953,0.087947
00021.png,1.4340,0.039808,0.014770,0.012333,0.110097,0.194154,0.086444
00022.png,1.5499,0.043024,0.015963,0.013329,0.102749,0.221562,0.099041
00023.png,1.4498,0.040246,0.014933,0.012468,0.112557,0.311592,0.140272
00024.png,1.7931,0.049775,0.018469,0.015420,0.085399,0.220627,0.096861
00025.png,1.1661,0.032370,0.012011,0.010028,0.145009,0.221124,0.099743
00026.png,1.2449,0.034559,0.012823,0.010706,0.134828,0.224166,0.101740
00027.png,1.5665,0.043486,0.016135,0.013472,0.097753,0.248210,0.112782
00028.png,1.7303,0.048033,0.017822,0.014880,0.081107,0.233624,0.103929
00029.png,1.4800,0.041084,0.015244,0.012728,0.100402,0.260962,0.117536
00030.png,1.7034,0.047285,0.017545,0.014649,0.084769,0.264284,0.119069
00031.png,1.5403,0.042760,0.015866,0.013247,0.096976,0.267172,0.114834
00032.png,1.8867,0.052376,0.019433,0.016226,0.076329,0.241428,0.106066
00033.png,1.2264,0.034045,0.012632,0.010547,0.134562,0.222562,0.099830
00034.png,1.2293,0.034125,0.012662,0.010572,0.135674,0.271257,0.122596
00035.png,1.6001,0.044418,0.016481,0.013761,0.096186,0.343403,0.152488
00036.png,1.4844,0.041207,0.015289,0.012766,0.106318,0.322720,0.135649
00037.png,1.9262,0.053470,0.019839,0.016565,0.073998,0.242683,0.098532
00038.png,1.7179,0.047690,0.017695,0.014774,0.036822,0.323811,0.127069
00039.png,1.4240,0.039531,0.014667,0.012247,0.061690,0.326899,0.129008
00040.png,1.5744,0.043704,0.016216,0.013540,0.056914,0.395108,0.149429
00041.png,1.6648,0.046215,0.017148,0.014317,0.080883,0.365075,0.130849
00042.png,1.7761,0.049303,0.018293,0.015274,0.070820,0.351967,0.124159
00043.png,1.4570,0.040447,0.015008,0.012531,0.098283,0.321840,0.112675
00044.png,1.3832,0.038397,0.014247,0.011895,0.098483,0.316377,0.144865
00045.png,1.5839,0.043970,0.016315,0.013622,0.079670,0.283546,0.125532
00046.png,1.3862,0.038481,0.014278,0.011921,0.100531,0.283720,0.127325
00047.png,1.8128,0.050325,0.018672,0.015591,0.070200,0.250657,0.108930
00048.png,1.2824,0.035599,0.013209,0.011029,0.122895,0.245972,0.108379
00049.png,1.7055,0.047346,0.017567,0.014668,0.094598,0.370094,0.196019
00050.png,1.8604,0.051646,0.019162,0.016000,0.093154,0.257171,0.112365
00051.png,1.7672,0.049057,0.018202,0.015198,0.103774,0.234927,0.101410
00052.png,1.4253,0.039567,0.014681,0.012258,0.131085,0.237830,0.105740
00053.png,1.9523,0.054196,0.020109,0.016790,0.089870,0.310589,0.129016
00054.png,1.6475,0.045735,0.016970,0.014169,0.129080,0.398707,0.209012
00055.png,1.1849,0.032894,0.012205,0.010191,0.184584,0.373412,0.177127
00056.png,1.1531,0.032010,0.011877,0.009917,0.186128,0.305971,0.144566
00057.png,1.3624,0.037821,0.014033,0.011717,0.155082,0.293252,0.133056
00058.png,1.5353,0.042621,0.015814,0.013204,0.139577,0.287373,0.129498
00059.png,1.9526,0.054205,0.020112,0.016793,0.088460,0.305447,0.138625
00060.png,1.5522,0.043089,0.015988,0.013349,0.127137,0.367611,0.171530
00061.png,1.2145,0.033716,0.012510,0.010445,0.179429,0.257841,0.119214
00062.png,1.1034,0.030630,0.011365,0.009489,0.196680,0.230617,0.106197
00063.png,1.6850,0.046777,0.017356,0.014491,0.131271,0.263134,0.111066
00064.png,1.0262,0.028488,0.010570,0.008825,0.223939,0.278647,0.132473
00065.png,1.8235,0.050619,0.018782,0.015682,0.122637,0.220771,0.096807
00066.png,1.0757,0.029862,0.011080,0.009251,0.213181,0.179602,0.087433
00067.png,1.7340,0.048136,0.017860,0.014912,0.136286,0.203499,0.089737
00068.png,1.2680,0.035199,0.013060,0.010904,0.177639,0.198378,0.090392
00069.png,1.0657,0.029585,0.010977,0.009165,0.212297,0.173974,0.080845
00070.png,1.9435,0.053953,0.020018,0.016714,0.103891,0.199883,0.088696
00071.png,1.6797,0.046629,0.017301,0.014446,0.116864,0.296536,0.132967
00072.png,1.3863,0.038483,0.014279,0.011922,0.140693,0.184871,0.083504
00073.png,1.9013,0.052779,0.019583,0.016351,0.096055,0.237748,0.102675
00074.png,1.1077,0.030751,0.011410,0.009526,0.179500,0.197032,0.090996
00075.png,1.8998,0.052739,0.019568,0.016338,0.096085,0.230025,0.103803
00076.png,1.4898,0.041358,0.015345,0.012813,0.118928,0.196393,0.088601
00077.png,1.3277,0.036857,0.013675,0.011418,0.137797,0.246600,0.112011
00078.png,1.1003,0.030544,0.011333,0.009462,0.171421,0.220691,0.103365
00079.png,1.0979,0.030479,0.011309,0.009442,0.170296,0.263515,0.116177
00080.png,1.3028,0.036165,0.013419,0.011204,0.143343,0.197658,0.089463
00081.png,1.7102,0.047474,0.017615,0.014707,0.101694,0.237295,0.102501
00082.png,1.0541,0.029262,0.010857,0.009065,0.171781,0.301633,0.137027
00083.png,1.3131,0.036451,0.013525,0.011293,0.126443,0.339650,0.153031
00084.png,1.8322,0.050863,0.018872,0.015757,0.078703,0.319047,0.132362
00085.png,1.7465,0.048484,0.017989,0.015020,0.092764,0.257321,0.104981
00086.png,1.0424,0.028937,0.010737,0.008965,0.175543,0.307707,0.127579
00087.png,1.3375,0.037128,0.013776,0.011502,0.126553,0.288313,0.116658
00088.png,1.2360,0.034311,0.012731,0.010629,0.138421,0.318544,0.125126
00089.png,1.1474,0.031853,0.011819,0.009868,0.152461,0.358695,0.134002
00090.png,1.5183,0.042148,0.015638,0.013057,0.102275,0.361127,0.129553
00091.png,1.1285,0.031327,0.011623,0.009705,0.151860,0.342597,0.123367
00092.png,1.2219,0.033921,0.012586,0.010509,0.139393,0.293798,0.137269
00093.png,1.3764,0.038210,0.014177,0.011837,0.111569,0.314596,0.141320
00094.png,1.4109,0.039166,0.014532,0.012133,0.119302,0.240940,0.109324
00095.png,1.1353,0.031515,0.011693,0.009763,0.147710,0.269296,0.121334
00096.png,1.5722,0.043643,0.016193,0.013521,0.075094,0.269420,0.116953
00097.png,1.8252,0.050668,0.018800,0.015697,0.050526,0.351138,0.185657
00098.png,1.9821,0.055022,0.020415,0.017046,0.044188,0.288960,0.125800
00099.png,1.5113,0.041952,0.015566,0.012997,0.083247,0.233903,0.102239
00100.png,1.3730,0.038115,0.014142,0.011808,0.110962,0.239650,0.107228
00101.png,1.5149,0.042054,0.015603,0.013028,0.101813,0.271480,0.114866
00102.png,1.6677,0.046295,0.017177,0.014342,0.089627,0.385108,0.201337
00103.png,1.8716,0.051956,0.019278,0.016096,0.077760,0.386577,0.179371
00104.png,1.8310,0.050827,0.018859,0.015746,0.071980,0.324504,0.149137
00105.png,1.1286,0.031330,0.011625,0.009706,0.133097,0.321801,0.146666
00106.png,1.9301,0.053578,0.019880,0.016598,0.052982,0.335700,0.148803
00107.png,1.1965,0.033215,0.012324,0.010290,0.115183,0.325715,0.150321
00108.png,1.3470,0.037392,0.013874,0.011584,0.090980,0.367369,0.171096
00109.png,1.7699,0.049132,0.018230,0.015221,0.057464,0.284990,0.127116
00110.png,1.7229,0.047829,0.017746,0.014817,0.060574,0.311047,0.135211
00111.png,1.6481,0.045751,0.016976,0.014174,0.068209,0.295964,0.122802
00112.png,1.3551,0.037617,0.013957,0.011654,0.099426,0.348534,0.158740
00113.png,1.3081,0.036314,0.013474,0.011250,0.101110,0.251139,0.110134
00114.png,1.6377,0.045463,0.016868,0.014084,0.053853,0.200539,0.091409
00115.png,1.8626,0.051707,0.019185,0.016019,0.043848,0.244093,0.104836
00116.png,1.1674,0.032406,0.012024,0.010039,0.104652,0.189314,0.085413
00117.png,1.5308,0.042495,0.015767,0.013165,0.077001,0.222319,0.096427
00118.png,1.5571,0.043225,0.016038,0.013391,0.070175,0.242817,0.106837
00119.png,1.6146,0.044822,0.016630,0.013886,0.071509,0.328006,0.145284
00120.png,1.5142,0.042035,0.015597,0.013022,0.069075,0.204946,0.090003
00121.png,1.7048,0.047326,0.017560,0.014662,0.065680,0.236124,0.101299
00122.png,1.7678,0.049073,0.018208,0.015203,0.065801,0.217803,0.095050
00123.png,1.1823,0.032820,0.012177,0.010167,0.115369,0.225065,0.103772
00124.png,1.7366,0.048208,0.017887,0.014935,0.052126,0.221397,0.097552
00125.png,1.8117,0.050293,0.018660,0.015581,0.048084,0.262250,0.115647
00126.png,1.9249,0.053434,0.019826,0.016554,0.045880,0.258593,0.114954
00127.png,1.2852,0.035678,0.013238,0.011053,0.097960,0.269425,0.115861
00128.png,1.1582,0.032153,0.011930,0.009961,0.112644,0.200555,0.090891
00129.png,1.1874,0.032963,0.012231,0.010212,0.106823,0.251863,0.110158
00130.png,1.6107,0.044712,0.016590,0.013852,0.075292,0.311210,0.135402
00131.png,1.8226,0.050594,0.018772,0.015674,0.053472,0.366259,0.160085
00132.png,1.8508,0.051379,0.019063,0.015917,0.054392,0.318013,0.130584
00133.png,1.0923,0.030321,0.011250,0.009393,0.131064,0.267812,0.111797
00134.png,1.6427,0.045600,0.016919,0.014127,0.066698,0.309161,0.122016
00135.png,1.9539,0.054241,0.020125,0.016804,0.050166,0.327154,0.127504
00136.png,1.9678,0.054625,0.020268,0.016923,0.045036,0.395803,0.148594
00137.png,1.8324,0.050867,0.018873,0.015758,0.060115,0.401410,0.142828
00138.png,1.1371,0.031565,0.011712,0.009779,0.119066,0.310751,0.113596
00139.png,1.4375,0.039905,0.014806,0.012362,0.075203,0.318096,0.111075
00140.png,1.2109,0.033615,0.012472,0.010414,0.107810,0.283852,0.131328
00141.png,1.3582,0.037704,0.013990,0.011681,0.082436,0.292260,0.130204
00142.png,1.5827,0.043937,0.016302,0.013611,0.071098,0.282180,0.125474
00143.png,1.2768,0.035445,0.013151,0.010981,0.103938,0.238520,0.106068
00144.png,1.3066,0.036271,0.013458,0.011237,0.109197,0.249989,0.109739
00145.png,1.1822,0.032817,0.012176,0.010167,0.113557,0.355085,0.190160
00146.png,1.3232,0.036733,0.013629,0.011380,0.103261,0.283912,0.125854
00147.png,1.1250,0.031231,0.011588,0.009675,0.127498,0.254198,0.112740
00148.png,1.2534,0.034795,0.012910,0.010779,0.108527,0.272267,0.120874
00149.png,1.1976,0.033246,0.012335,0.010299,0.120091,0.259451,0.111234
00150.png,1.3616,0.037798,0.014024,0.011710,0.095460,0.445433,0.233064
00151.png,1.8345,0.050925,0.018895,0.015777,0.056086,0.373822,0.172849
00152.png,1.0362,0.028764,0.010672,0.008911,0.148912,0.330587,0.156441
00153.png,1.7565,0.048760,0.018092,0.015106,0.067302,0.366713,0.163012
00154.png,1.2839,0.035642,0.013225,0.011042,0.115438,0.264292,0.120471
00155.png,1.7442,0.048419,0.017965,0.015000,0.064556,0.305561,0.138953
00156.png,1.9875,0.055172,0.020471,0.017092,0.056554,0.405196,0.186749
00157.png,1.3004,0.036100,0.013394,0.011184,0.104611,0.257665,0.117644
00158.png,1.0955,0.030412,0.011284,0.009422,0.138475,0.288113,0.129964
00159.png,1.5722,0.043643,0.016193,0.013521,0.082097,0.308856,0.129039
00160.png,1.4843,0.041205,0.015289,0.012765,0.084838,0.335418,0.152840
00161.png,1.5299,0.042471,0.015758,0.013157,0.090453,0.258465,0.112915
00162.png,1.2330,0.034227,0.012699,0.010603,0.121684,0.192206,0.090817
00163.png,1.6951,0.047055,0.017459,0.014577,0.079171,0.235791,0.102585
00164.png,1.2031,0.033397,0.012392,0.010346,0.128736,0.193336,0.088260
00165.png,1.3321,0.036980,0.013721,0.011456,0.109617,0.224553,0.099372
00166.png,1.7877,0.049626,0.018413,0.015374,0.067848,0.227759,0.100224
00167.png,1.8885,0.052426,0.019452,0.016242,0.057631,0.350947,0.154852
00168.png,1.0867,0.030167,0.011193,0.009346,0.141352,0.185830,0.085929
00169.png,1.1738,0.032586,0.012091,0.010095,0.126946,0.234076,0.104173
00170.png,1.0939,0.030366,0.011267,0.009407,0.143420,0.196657,0.090868
00171.png,1.0532,0.029236,0.010848,0.009057,0.152483,0.210042,0.099578
00172.png,1.3721,0.038089,0.014133,0.011800,0.101397,0.209907,0.094898
00173.png,1.7998,0.049962,0.018538,0.015478,0.066346,0.231876,0.103035
00174.png,1.0472,0.029069,0.010786,0.009006,0.152815,0.242749,0.113624
00175.png,1.9198,0.053295,0.019774,0.016511,0.059576,0.260865,0.110272
00176.png,1.9552,0.054277,0.020139,0.016815,0.059064,0.216684,0.094767
00177.png,1.5415,0.042793,0.015878,0.013257,0.084432,0.247919,0.106834
00178.png,1.8850,0.052328,0.019415,0.016211,0.062942,0.340523,0.147437
00179.png,1.7313,0.048061,0.017832,0.014889,0.073965,0.411081,0.180356
00180.png,1.5766,0.043765,0.016239,0.013558,0.082817,0.313590,0.130203
00181.png,1.8073,0.050171,0.018615,0.015543,0.067796,0.263250,0.106271
00182.png,1.8373,0.051004,0.018924,0.015801,0.068575,0.327194,0.128881
00183.png,1.6238,0.045078,0.016726,0.013965,0.088330,0.306975,0.121317
00184.png,1.8651,0.051776,0.019211,0.016040,0.068258,0.370750,0.140114
00185.png,1.4293,0.039676,0.014721,0.012292,0.104072,0.377478,0.136811
00186.png,1.1591,0.032178,0.011939,0.009969,0.128453,0.363649,0.132620
00187.png,1.8522,0.051418,0.019078,0.015929,0.058128,0.350436,0.120773
00188.png,1.2680,0.035199,0.013060,0.010904,0.118707,0.289130,0.133753
00189.png,1.8023,0.050032,0.018564,0.015500,0.066047,0.285681,0.125961
00190.png,1.3059,0.036253,0.013451,0.011231,0.105337,0.262322,0.118476
00191.png,1.7880,0.049634,0.018416,0.015376,0.066873,0.284172,0.123532
00192.png,1.3260,0.036810,0.013658,0.011404,0.109776,0.232395,0.102475
00193.png,1.8099,0.050242,0.018642,0.015565,0.061805,0.354963,0.187619
00194.png,1.1568,0.032111,0.011915,0.009948,0.137737,0.272424,0.122980
00195.png,1.0816,0.030025,0.011140,0.009302,0.149326,0.262882,0.117951
00196.png,1.8139,0.050355,0.018683,0.015600,0.061741,0.286845,0.124964
00197.png,1.1338,0.031473,0.011678,0.009750,0.140489,0.283426,0.122668
00198.png,1.4810,0.041113,0.015255,0.012737,0.093280,0.418047,0.218878
00199.png,1.6816,0.046681,0.017321,0.014462,0.088129,0.389029,0.181164
00200.png,1.3476,0.037408,0.013880,0.011589,0.125060,0.310722,0.145842
00201.png,1.9851,0.055107,0.020447,0.017072,0.087273,0.331924,0.148480
00202.png,1.4582,0.040480,0.015019,0.012541,0.118939,0.298312,0.135992
00203.png,1.2420,0.034477,0.012792,0.010681,0.139828,0.326525,0.153289
00204.png,1.6328,0.045326,0.016818,0.014042,0.102355,0.395272,0.184792
00205.png,1.5865,0.044040,0.016341,0.013644,0.108188,0.290370,0.132092
00206.png,1.2697,0.035248,0.013078,0.010920,0.138827,0.285308,0.128827
00207.png,1.7924,0.049757,0.018462,0.015415,0.091776,0.263256,0.110565
00208.png,1.5897,0.044129,0.016374,0.013671,0.099101,0.303294,0.138944
00209.png,1.8366,0.050983,0.018917,0.015795,0.069453,0.249598,0.108288
00210.png,1.2145,0.033715,0.012510,0.010445,0.129746,0.198049,0.094109
00211.png,1.7425,0.048372,0.017948,0.014986,0.079660,0.220903,0.096512
00212.png,1.0103,0.028045,0.010406,0.008688,0.185361,0.201229,0.094910
00213.png,1.8723,0.051974,0.019284,0.016101,0.089802,0.195737,0.085476
00214.png,1.7113,0.047507,0.017627,0.014717,0.101749,0.213524,0.095216
00215.png,1.4250,0.039559,0.014678,0.012255,0.127944,0.285265,0.129418
00216.png,1.1498,0.031918,0.011843,0.009888,0.162705,0.205269,0.094734
00217.png,1.3133,0.036456,0.013527,0.011294,0.139055,0.220394,0.098115
00218.png,1.2432,0.034512,0.012805,0.010692,0.145137,0.218541,0.099355
00219.png,1.2870,0.035727,0.013256,0.011068,0.128535,0.218263,0.101428
00220.png,1.3779,0.038252,0.014193,0.011850,0.112626,0.212093,0.096286
00221.png,1.4674,0.040736,0.015114,0.012620,0.112314,0.230347,0.104443
00222.png,1.0465,0.029051,0.010779,0.009000,0.174289,0.229510,0.108827
00223.png,1.5425,0.042821,0.015888,0.013266,0.106345,0.278800,0.119847
00224.png,1.4558,0.040414,0.014995,0.012520,0.122251,0.224415,0.100667
00225.png,1.6431,0.045612,0.016924,0.014131,0.105625,0.238394,0.103411
00226.png,1.5690,0.043556,0.016161,0.013493,0.107642,0.332206,0.146084
00227.png,1.3302,0.036925,0.013701,0.011439,0.135210,0.349910,0.157088
00228.png,1.7535,0.048676,0.018061,0.015080,0.099340,0.293346,0.122436
00229.png,1.6567,0.045990,0.017064,0.014248,0.105915,0.277441,0.113427
00230.png,1.0092,0.028016,0.010395,0.008679,0.186797,0.266985,0.112201
00231.png,1.6786,0.046599,0.017290,0.014436,0.093357,0.301887,0.119737
00232.png,1.4720,0.040864,0.015162,0.012659,0.110177,0.374728,0.143849
00233.png,1.2444,0.034544,0.012817,0.010702,0.139050,0.374945,0.137815
00234.png,1.4712,0.040841,0.015154,0.012652,0.108418,0.372621,0.133373
00235.png,1.5267,0.042381,0.015725,0.013130,0.101917,0.339527,0.118725
00236.png,1.6717,0.046406,0.017218,0.014376,0.086366,0.322858,0.147047
00237.png,1.5091,0.041893,0.015544,0.012978,0.104197,0.325657,0.144823
00238.png,1.4704,0.040817,0.015145,0.012645,0.110454,0.263973,0.118560
00239.png,1.8944,0.052590,0.019513,0.016292,0.079514,0.241292,0.105295
00240.png,1.4516,0.040296,0.014951,0.012484,0.115644,0.261654,0.114436
00241.png,1.8711,0.051942,0.019272,0.016091,0.081635,0.399103,0.211138
00242.png,1.8959,0.052630,0.019528,0.016305,0.076278,0.293578,0.128114
00243.png,1.4856,0.041240,0.015302,0.012776,0.112102,0.269251,0.116946
00244.png,1.8933,0.052558,0.019501,0.016282,0.080294,0.287475,0.125174
00245.png,1.0337,0.028697,0.010648,0.008890,0.185005,0.257570,0.112060
00246.png,1.4644,0.040652,0.015083,0.012594,0.119886,0.418623,0.218840
00247.png,1.6993,0.047173,0.017503,0.014614,0.103153,0.380815,0.176716
00248.png,1.0881,0.030204,0.011207,0.009357,0.200172,0.277967,0.131730
00249.png,1.3303,0.036930,0.013703,0.011441,0.167694,0.306588,0.138459
00250.png,1.9066,0.052928,0.019638,0.016397,0.116918,0.311643,0.138743
00251.png,1.1221,0.031148,0.011557,0.009650,0.213605,0.250329,0.117065
00252.png,1.3797,0.038301,0.014211,0.011866,0.179096,0.342166,0.160117
00253.png,1.6510,0.045831,0.017005,0.014198,0.122577,0.282722,0.126133
00254.png,1.0071,0.027957,0.010373,0.008661,0.223491,0.242445,0.109496
00255.png,1.1572,0.032123,0.011919,0.009952,0.200073,0.267981,0.113778
00256.png,1.2187,0.033832,0.012553,0.010481,0.196368,0.298184,0.136915
00257.png,1.8106,0.050263,0.018650,0.015572,0.132169,0.242448,0.104601
00258.png,1.4246,0.039546,0.014673,0.012251,0.156063,0.187510,0.086912
00259.png,1.4922,0.041424,0.015370,0.012833,0.136780,0.226019,0.098880
00260.png,1.1494,0.031908,0.011839,0.009885,0.171111,0.175720,0.080298
00261.png,1.6600,0.046081,0.017098,0.014276,0.099234,0.203525,0.087973
00262.png,1.9376,0.053788,0.019957,0.016663,0.084738,0.239306,0.104563
00263.png,1.7444,0.048424,0.017967,0.015002,0.096005,0.326708,0.144621
00264.png,1.4319,0.039749,0.014748,0.012314,0.117600,0.186164,0.082710
00265.png,1.5920,0.044195,0.016398,0.013691,0.101422,0.202302,0.087688
00266.png,1.1781,0.032703,0.012134,0.010131,0.132202,0.203713,0.092810
00267.png,1.7072,0.047393,0.017585,0.014682,0.064101,0.224496,0.101013
00268.png,1.3648,0.037886,0.014057,0.011737,0.097430,0.241573,0.108783
00269.png,1.4413,0.040010,0.014845,0.012395,0.090035,0.262943,0.118163
00270.png,1.8742,0.052029,0.019305,0.016118,0.058383,0.248529,0.111058
00271.png,1.6758,0.046522,0.017261,0.014412,0.072180,0.276515,0.117431
00272.png,1.0820,0.030036,0.011145,0.009305,0.145556,0.228240,0.104537
00273.png,1.8741,0.052026,0.019304,0.016118,0.068930,0.262924,0.112256
00274.png,1.1931,0.033122,0.012289,0.010261,0.132153,0.276241,0.124349
00275.png,1.3051,0.036230,0.013443,0.011224,0.117485,0.370287,0.165758
00276.png,1.6402,0.045532,0.016894,0.014106,0.089975,0.289114,0.120736
00277.png,1.3801,0.038312,0.014215,0.011869,0.113081,0.250545,0.104492
00278.png,1.7008,0.047213,0.017518,0.014627,0.084077,0.318053,0.126464
00279.png,1.3010,0.036115,0.013400,0.011188,0.132563,0.314085,0.127273
00280.png,1.3738,0.038137,0.014150,0.011815,0.117738,0.321401,0.125078
00281.png,1.7596,0.048847,0.018124,0.015133,0.081725,0.368296,0.132828
00282.png,1.2707,0.035274,0.013088,0.010928,0.120851,0.366906,0.134849
00283.png,1.6344,0.045370,0.016834,0.014055,0.085956,0.328948,0.115784
00284.png,1.5212,0.042229,0.015669,0.013083,0.095370,0.307932,0.141926
00285.png,1.0211,0.028344,0.010517,0.008781,0.166432,0.272004,0.127772
00286.png,1.4209,0.039443,0.014635,0.012219,0.108179,0.268478,0.122017
00287.png,1.5228,0.042272,0.015685,0.013096,0.095426,0.242035,0.107945
00288.png,1.2394,0.034405,0.012766,0.010659,0.127457,0.238025,0.107213
00289.png,1.0003,0.027769,0.010304,0.008603,0.173606,0.379396,0.207396
00290.png,1.0525,0.029216,0.010840,0.009051,0.159810,0.231007,0.108479
00291.png,1.9192,0.053276,0.019768,0.016505,0.075646,0.252694,0.109434
00292.png,1.0107,0.028057,0.010410,0.008692,0.168395,0.257375,0.120110
00293.png,1.0069,0.027952,0.010371,0.008659,0.177535,0.246295,0.110646
00294.png,1.2563,0.034874,0.012940,0.010804,0.131015,0.403326,0.214007
00295.png,1.4407,0.039995,0.014840,0.012390,0.111334,0.412224,0.193750
00296.png,1.9846,0.055092,0.020441,0.017067,0.067254,0.373038,0.171282
00297.png,1.7672,0.049057,0.018202,0.015198,0.075359,0.355901,0.159141
00298.png,1.5252,0.042339,0.015709,0.013116,0.099370,0.288822,0.130957
00299.png,1.1714,0.032517,0.012065,0.010074,0.147128,0.329704,0.154846
00300.png,1.8612,0.051667,0.019170,0.016006,0.080371,0.407691,0.189080
00301.png,1.7172,0.047671,0.017688,0.014768,0.081298,0.293927,0.132614
00302.png,1.8991,0.052720,0.019561,0.016333,0.070336,0.281660,0.123404
00303.png,1.6485,0.045762,0.016979,0.014177,0.079886,0.266115,0.112218
00304.png,1.5806,0.043877,0.016280,0.013593,0.090997,0.345227,0.157753
00305.png,1.4703,0.040816,0.015144,0.012645,0.100070,0.230451,0.102268
00306.png,1.5090,0.041890,0.015543,0.012977,0.090506,0.200583,0.093860
00307.png,1.5002,0.041646,0.015452,0.012902,0.092267,0.228624,0.101500
00308.png,1.1014,0.030576,0.011345,0.009472,0.148113,0.216070,0.100696
00309.png,1.8606,0.051649,0.019164,0.016001,0.077254,0.214249,0.092822
00310.png,1.0426,0.028943,0.010739,0.008966,0.163000,0.218597,0.102253
00311.png,1.1343,0.031489,0.011684,0.009755,0.148184,0.308955,0.142742
00312.png,1.8350,0.050940,0.018901,0.015781,0.073416,0.190511,0.083882
00313.png,1.5504,0.043038,0.015969,0.013333,0.091456,0.234503,0.102457
00314.png,1.9382,0.053805,0.019964,0.016669,0.066729,0.226185,0.098956
00315.png,1.0547,0.029278,0.010863,0.009070,0.151933,0.242583,0.115566
00316.png,1.1723,0.032542,0.012074,0.010081,0.128189,0.229564,0.106676
00317.png,1.9856,0.055119,0.020451,0.017076,0.062462,0.268972,0.119168
00318.png,1.3600,0.037753,0.014008,0.011696,0.114007,0.242378,0.111415
00319.png,1.6664,0.046260,0.017164,0.014331,0.083328,0.245142,0.104958
00320.png,1.3196,0.036631,0.013592,0.011348,0.120182,0.239567,0.107978
00321.png,1.8942,0.052582,0.019510,0.016290,0.066658,0.269940,0.115361
00322.png,1.1683,0.032432,0.012033,0.010047,0.128958,0.293610,0.132630
00323.png,1.1548,0.032057,0.011894,0.009931,0.143179,0.384063,0.173099
00324.png,1.0107,0.028056,0.010410,0.008692,0.172225,0.263913,0.115310
00325.png,1.1464,0.031823,0.011807,0.009859,0.146532,0.254640,0.107618
00326.png,1.1938,0.033141,0.012296,0.010267,0.133927,0.286629,0.117708
00327.png,1.3777,0.038245,0.014190,0.011848,0.105411,0.346745,0.138858
00328.png,1.8817,0.052237,0.019382,0.016183,0.068495,0.393307,0.148905
00329.png,1.5476,0.042961,0.015940,0.013309,0.095636,0.385745,0.139520
00330.png,1.8167,0.050431,0.018712,0.015623,0.077979,0.332229,0.117974
00331.png,1.2606,0.034995,0.012984,0.010841,0.123761,0.342191,0.121985
00332.png,1.9399,0.053851,0.019981,0.016683,0.064470,0.302927,0.137567
00333.png,1.9272,0.053498,0.019850,0.016574,0.065509,0.333017,0.146831
00334.png,1.9164,0.053200,0.019739,0.016481,0.068406,0.280547,0.124592
00335.png,1.3142,0.036483,0.013536,0.011302,0.117684,0.275999,0.123051
00336.png,1.6232,0.045060,0.016719,0.013960,0.083867,0.261486,0.113804
00337.png,1.3149,0.036501,0.013543,0.011308,0.109684,0.372411,0.199676
00338.png,1.0370,0.028786,0.010681,0.008918,0.159387,0.242451,0.112109
00339.png,1.9664,0.054587,0.020254,0.016911,0.061763,0.277047,0.118956
00340.png,1.3850,0.038448,0.014266,0.011911,0.114421,0.269696,0.119866
00341.png,1.9248,0.053433,0.019826,0.016554,0.064115,0.317795,0.132260
00342.png,1.4192,0.039397,0.014618,0.012205,0.101296,0.407421,0.213961
00343.png,1.0494,0.029131,0.010809,0.009025,0.161205,0.347967,0.166283
00344.png,1.6699,0.046356,0.017200,0.014361,0.088082,0.314840,0.145435
00345.png,1.5158,0.042079,0.015613,0.013036,0.098471,0.300219,0.135160
00346.png,1.4964,0.041540,0.015413,0.012869,0.094158,0.281441,0.126870
00347.png,1.0668,0.029615,0.010988,0.009175,0.145909,0.300696,0.142143
00348.png,1.7961,0.049860,0.018500,0.015446,0.066386,0.439525,0.203152
00349.png,1.6824,0.046704,0.017329,0.014469,0.079992,0.299129,0.134135
00350.png,1.7336,0.048125,0.017856,0.014909,0.079227,0.287669,0.125644
00351.png,1.5761,0.043753,0.016234,0.013555,0.091700,0.259595,0.108829
00352.png,1.0386,0.028832,0.010698,0.008932,0.159100,0.293253,0.137261
00353.png,1.4407,0.039994,0.014839,0.012390,0.101887,0.244701,0.107124
00354.png,1.1658,0.032363,0.012008,0.010026,0.142291,0.194818,0.091684
00355.png,1.3338,0.037025,0.013738,0.011470,0.113308,0.208891,0.092368
00356.png,1.9609,0.054434,0.020197,0.016864,0.056945,0.225119,0.097931
00357.png,1.7857,0.049570,0.018392,0.015357,0.065447,0.219016,0.094476
00358.png,1.7278,0.047965,0.017797,0.014859,0.075426,0.216639,0.095412
00359.png,1.0135,0.028134,0.010439,0.008716,0.166774,0.283353,0.129795
00360.png,1.5479,0.042970,0.015943,0.013312,0.101993,0.185276,0.081759
00361.png,1.7762,0.049307,0.018295,0.015275,0.080335,0.215799,0.092763
00362.png,1.0322,0.028655,0.010632,0.008877,0.174953,0.212118,0.096815
00363.png,1.0793,0.029962,0.011117,0.009282,0.162212,0.218587,0.101666
00364.png,1.0504,0.029158,0.010819,0.009033,0.167420,0.200039,0.091985
00365.png,1.5057,0.041799,0.015509,0.012949,0.102105,0.235656,0.105273
00366.png,1.3089,0.036336,0.013482,0.011257,0.128906,0.263135,0.119554
00367.png,1.6835,0.046735,0.017340,0.014478,0.095182,0.245571,0.104414
00368.png,1.5951,0.044281,0.016430,0.013718,0.109782,0.214943,0.094743
00369.png,1.0006,0.027776,0.010306,0.008605,0.205650,0.205417,0.092404
00370.png,1.5865,0.044040,0.016340,0.013643,0.115345,0.291606,0.127572
00371.png,1.2547,0.034830,0.012923,0.010790,0.139694,0.335015,0.149759
00372.png,1.4826,0.041158,0.015271,0.012751,0.106621,0.299885,0.125034
00373.png,1.7752,0.049279,0.018284,0.015267,0.075381,0.270389,0.109038
00374.png,1.2347,0.034276,0.012718,0.010619,0.132498,0.308084,0.124139
00375.png,1.4565,0.040433,0.015002,0.012526,0.100258,0.303771,0.120545
00376.png,1.6232,0.045061,0.016719,0.013960,0.086640,0.384949,0.146078
00377.png,1.6773,0.046561,0.017276,0.014424,0.090040,0.413541,0.148134
00378.png,1.2206,0.033882,0.012572,0.010497,0.140167,0.347665,0.126110
00379.png,1.3461,0.037368,0.013865,0.011576,0.131771,0.306093,0.108112
00380.png,1.6588,0.046047,0.017085,0.014265,0.101985,0.335798,0.152794
00381.png,1.0307,0.028612,0.010616,0.008864,0.175205,0.301211,0.137794
00382.png,1.4125,0.039211,0.014549,0.012147,0.119726,0.287495,0.128948
00383.png,1.1334,0.031464,0.011674,0.009748,0.159748,0.227676,0.102812
00384.png,1.9824,0.055033,0.020419,0.017049,0.080419,0.271130,0.116512
00385.png,1.3284,0.036875,0.013682,0.011424,0.134269,0.357654,0.190926
00386.png,1.8552,0.051499,0.019108,0.015954,0.086295,0.265971,0.116429
00387.png,1.4804,0.041097,0.015249,0.012732,0.114169,0.258775,0.112639
00388.png,1.5410,0.042779,0.015873,0.013253,0.109080,0.245122,0.108195
00389.png,1.3455,0.037351,0.013859,0.011571,0.131845,0.281287,0.119354
00390.png,1.5257,0.042355,0.015715,0.013121,0.108933,0.431257,0.225596
00391.png,1.1263,0.031265,0.011600,0.009686,0.158289,0.337592,0.160442
00392.png,1.9172,0.053221,0.019747,0.016488,0.086256,0.375749,0.172281
00393.png,1.0712,0.029736,0.011033,0.009212,0.173341,0.322555,0.147683
00394.png,1.9372,0.053778,0.019954,0.016660,0.085181,0.280677,0.124991
00395.png,1.7286,0.047986,0.017804,0.014866,0.097709,0.331994,0.151116
00396.png,1.2126,0.033660,0.012489,0.010428,0.146547,0.373119,0.175780
00397.png,1.5961,0.044309,0.016440,0.013727,0.105282,0.278990,0.125733
00398.png,1.6945,0.047040,0.017454,0.014573,0.094298,0.252137,0.110533
00399.png,1.3648,0.037887,0.014058,0.011737,0.123760,0.293741,0.123516
00400.png,1.5207,0.042216,0.015664,0.013078,0.106841,0.328184,0.149196
00401.png,1.7256,0.047903,0.017774,0.014840,0.090486,0.228214,0.098991
00402.png,1.2161,0.033759,0.012526,0.010458,0.149832,0.174139,0.082116
00403.png,1.7053,0.047340,0.017565,0.014666,0.096997,0.215756,0.093738
00404.png,1.9463,0.054029,0.020047,0.016738,0.086477,0.187416,0.081846
00405.png,1.0005,0.027773,0.010305,0.008604,0.182446,0.199215,0.090960
00406.png,1.8678,0.051851,0.019239,0.016063,0.084702,0.208627,0.091804
00407.png,1.4866,0.041269,0.015312,0.012785,0.109897,0.323996,0.144829
00408.png,1.0867,0.030166,0.011193,0.009345,0.162024,0.201117,0.092321
00409.png,1.3522,0.037538,0.013928,0.011629,0.124920,0.225050,0.098734
00410.png,1.5808,0.043883,0.016282,0.013595,0.102210,0.225496,0.099423
00411.png,1.0054,0.027909,0.010355,0.008646,0.180452,0.229038,0.108322
00412.png,1.7566,0.048764,0.018093,0.015107,0.090278,0.241366,0.106739
00413.png,1.9854,0.055114,0.020450,0.017074,0.082850,0.246591,0.109177
00414.png,1.1254,0.031241,0.011592,0.009678,0.162132,0.238706,0.110517
00415.png,1.5072,0.041839,0.015524,0.012962,0.109437,0.253804,0.108851
00416.png,1.5169,0.042109,0.015624,0.013045,0.107338,0.213468,0.094902
00417.png,1.8466,0.051261,0.019020,0.015881,0.091164,0.273726,0.116955
00418.png,1.2923,0.035875,0.013311,0.011114,0.139438,0.304488,0.134722
00419.png,1.2297,0.034135,0.012665,0.010575,0.149204,0.380582,0.169954
00420.png,1.3982,0.038813,0.014401,0.012024,0.125655,0.284435,0.119387
00421.png,1.5236,0.042295,0.015693,0.013103,0.110485,0.263968,0.107694
00422.png,1.3221,0.036703,0.013618,0.011370,0.138349,0.278423,0.112236
00423.png,1.9706,0.054703,0.020297,0.016947,0.087472,0.353772,0.138523
00424.png,1.1102,0.030820,0.011435,0.009548,0.169995,0.311474,0.121996
00425.png,1.9058,0.052904,0.019629,0.016390,0.085377,0.405811,0.144945
00426.png,1.3395,0.037184,0.013797,0.011519,0.126760,0.365444,0.131651
00427.png,1.0490,0.029120,0.010804,0.009021,0.171385,0.324021,0.117558
00428.png,1.6159,0.044857,0.016644,0.013897,0.104978,0.310999,0.141752
00429.png,1.4938,0.041469,0.015386,0.012847,0.120303,0.282882,0.126068
00430.png,1.1483,0.031876,0.011827,0.009875,0.161529,0.249368,0.114015
00431.png,1.8321,0.050858,0.018870,0.015756,0.087991,0.275443,0.119939
00432.png,1.1352,0.031514,0.011693,0.009763,0.156760,0.242216,0.108185
00433.png,1.4535,0.040351,0.014972,0.012501,0.119986,0.375994,0.199845
00434.png,1.0234,0.028410,0.010541,0.008801,0.185130,0.230040,0.105387
00435.png,1.9895,0.055230,0.020492,0.017110,0.079125,0.268862,0.115405
00436.png,1.6700,0.046360,0.017201,0.014362,0.096069,0.265095,0.116405
00437.png,1.5477,0.042963,0.015941,0.013310,0.108367,0.269139,0.113464
00438.png,1.1381,0.031593,0.011722,0.009787,0.161030,0.406172,0.215245
00439.png,1.2719,0.035308,0.013100,0.010938,0.141006,0.341656,0.161087
00440.png,1.6483,0.045756,0.016977,0.014175,0.102325,0.324329,0.149859
00441.png,1.1771,0.032675,0.012124,0.010123,0.151108,0.320689,0.146550
00442.png,1.2460,0.034589,0.012834,0.010716,0.147268,0.262457,0.119989
00443.png,1.4420,0.040030,0.014853,0.012401,0.124258,0.293280,0.135007
00444.png,1.7866,0.049596,0.018402,0.015365,0.095635,0.384379,0.178059
00445.png,1.6872,0.046837,0.017378,0.014510,0.100192,0.254306,0.114405
00446.png,1.0858,0.030141,0.011183,0.009337,0.168848,0.271576,0.122509
00447.png,1.0451,0.029012,0.010765,0.008988,0.175467,0.263222,0.113734
00448.png,1.5897,0.044131,0.016374,0.013672,0.112955,0.321244,0.145744
00449.png,1.6161,0.044863,0.016646,0.013899,0.103105,0.226492,0.098521
00450.png,1.9444,0.053977,0.020028,0.016722,0.081063,0.180229,0.082045
00451.png,1.9821,0.055024,0.020416,0.017046,0.075259,0.222100,0.095724
00452.png,1.1086,0.030775,0.011419,0.009534,0.161507,0.185088,0.084547
00453.png,1.4853,0.041232,0.015299,0.012774,0.112354,0.208339,0.090688
00454.png,1.5614,0.043346,0.016083,0.013428,0.103653,0.211303,0.093566
00455.png,1.4638,0.040634,0.015077,0.012588,0.107445,0.319007,0.142498
00456.png,1.2997,0.036081,0.013387,0.011178,0.125712,0.211834,0.094504
00457.png,1.7034,0.047286,0.017545,0.014649,0.093396,0.209970,0.090449
00458.png,1.1477,0.031859,0.011821,0.009870,0.159181,0.224864,0.101302
00459.png,1.5349,0.042609,0.015810,0.013200,0.098954,0.232096,0.105156
00460.png,1.0536,0.029247,0.010852,0.009061,0.152280,0.213309,0.099557
00461.png,1.6217,0.045020,0.016704,0.013947,0.089381,0.235519,0.105179
00462.png,1.3003,0.036097,0.013393,0.011183,0.127690,0.258987,0.118251
00463.png,1.4217,0.039467,0.014644,0.012227,0.109310,0.278196,0.119373
00464.png,1.3523,0.037541,0.013929,0.011630,0.113188,0.237212,0.106092
00465.png,1.6975,0.047122,0.017484,0.014598,0.090304,0.240803,0.103244
00466.png,1.0956,0.030415,0.011285,0.009423,0.164168,0.301661,0.134939
00467.png,1.8273,0.050725,0.018821,0.015715,0.073392,0.346998,0.152202
00468.png,1.6074,0.044621,0.016556,0.013823,0.087810,0.299310,0.124219
00469.png,1.2850,0.035671,0.013235,0.011051,0.119019,0.263403,0.108933
00470.png,1.9567,0.054318,0.020154,0.016828,0.071640,0.326124,0.128070
00471.png,1.8935,0.052565,0.019504,0.016285,0.077493,0.324822,0.127125
00472.png,1.7344,0.048148,0.017865,0.014916,0.085847,0.337377,0.127994
00473.png,1.0383,0.028823,0.010694,0.008929,0.162345,0.349643,0.130949
00474.png,1.7381,0.048250,0.017902,0.014948,0.077441,0.364689,0.129001
00475.png,1.1339,0.031478,0.011679,0.009752,0.144354,0.315459,0.113407
00476.png,1.5190,0.042168,0.015646,0.013063,0.102893,0.297813,0.136011
00477.png,1.7816,0.049456,0.018350,0.015321,0.075322,0.294824,0.129992
00478.png,1.0633,0.029517,0.010952,0.009144,0.157087,0.233217,0.107654
00479.png,1.2255,0.034021,0.012623,0.010540,0.123178,0.230894,0.103337
00480.png,1.7216,0.047791,0.017732,0.014806,0.073960,0.254039,0.109513
00481.png,1.0563,0.029324,0.010880,0.009084,0.163324,0.319906,0.172586
00482.png,1.9646,0.054536,0.020235,0.016895,0.061468,0.252320,0.109898
00483.png,1.4996,0.041630,0.015446,0.012897,0.096806,0.251831,0.109371
00484.png,1.0030,0.027845,0.010331,0.008626,0.168533,0.245551,0.112640
00485.png,1.1485,0.031883,0.011830,0.009877,0.145403,0.271521,0.116708
00486.png,1.8824,0.052255,0.019388,0.016188,0.074323,0.412094,0.214050
00487.png,1.2484,0.034654,0.012858,0.010736,0.128387,0.355727,0.167197
00488.png,1.3279,0.036861,0.013677,0.011420,0.118913,0.336142,0.156103
00489.png,1.4951,0.041503,0.015399,0.012857,0.099548,0.327446,0.146547
00490.png,1.1460,0.031812,0.011803,0.009855,0.147110,0.302279,0.137504
00491.png,1.7183,0.047699,0.017698,0.014777,0.094277,0.285834,0.130030
00492.png,1.7693,0.049117,0.018224,0.015216,0.087212,0.424732,0.196111
00493.png,1.4738,0.040912,0.015180,0.012674,0.108084,0.249773,0.112830
00494.png,1.3484,0.037432,0.013889,0.011596,0.115379,0.274072,0.121096
00495.png,1.1632,0.032290,0.011981,0.010003,0.142743,0.269350,0.114635
00496.png,1.0331,0.028678,0.010641,0.008884,0.162487,0.325638,0.150920
00497.png,1.2246,0.033994,0.012613,0.010531,0.132802,0.212355,0.094071
00498.png,1.5968,0.044327,0.016447,0.013732,0.093012,0.186550,0.085407
00499.png,1.2940,0.035923,0.013329,0.011129,0.120894,0.224102,0.098837
00500.png,1.0852,0.030125,0.011177,0.009333,0.161846,0.203340,0.092366
00501.png,1.9376,0.053788,0.019957,0.016663,0.075248,0.233278,0.099941
00502.png,1.7791,0.049388,0.018325,0.015300,0.080994,0.244153,0.106903
00503.png,1.2805,0.035546,0.013189,0.011012,0.127584,0.295091,0.132855
00504.png,1.7723,0.049199,0.018255,0.015242,0.083409,0.205290,0.089527
00505.png,1.2000,0.033312,0.012360,0.010320,0.145050,0.190234,0.084423
00506.png,1.7610,0.048886,0.018139,0.015145,0.085408,0.224268,0.097715
00507.png,1.6803,0.046645,0.017307,0.014451,0.086634,0.219670,0.098691
00508.png,1.1657,0.032359,0.012006,0.010025,0.147222,0.216124,0.098261
00509.png,1.3541,0.037590,0.013947,0.011645,0.121991,0.253180,0.113640
00510.png,1.2956,0.035966,0.013345,0.011142,0.135723,0.242577,0.110351
00511.png,1.1557,0.032083,0.011904,0.009939,0.158432,0.221034,0.096730
00512.png,1.1438,0.031753,0.011782,0.009837,0.160436,0.197951,0.089798
00513.png,1.5751,0.043724,0.016223,0.013546,0.102913,0.263448,0.112870
00514.png,1.3404,0.037208,0.013806,0.011527,0.124234,0.324566,0.142425
00515.png,1.4205,0.039433,0.014631,0.012216,0.121817,0.341776,0.151305
00516.png,1.7361,0.048196,0.017882,0.014931,0.090702,0.302192,0.124724
00517.png,1.4559,0.040416,0.014996,0.012521,0.120204,0.268089,0.109111
00518.png,1.5670,0.043500,0.016140,0.013476,0.101467,0.312261,0.123596
00519.png,1.6428,0.045603,0.016920,0.014128,0.097156,0.349808,0.137423
00520.png,1.6220,0.045027,0.016707,0.013949,0.109387,0.338791,0.128743
00521.png,1.0309,0.028619,0.010619,0.008866,0.190721,0.330117,0.123208
00522.png,1.2678,0.035195,0.013059,0.010903,0.152222,0.334944,0.120830
00523.png,1.7161,0.047638,0.017675,0.014758,0.105485,0.355672,0.122790
00524.png,1.5827,0.043937,0.016302,0.013611,0.116248,0.310657,0.141404
00525.png,1.2641,0.035091,0.013020,0.010871,0.149804,0.301468,0.134934
00526.png,1.0651,0.029566,0.010970,0.009160,0.197551,0.236045,0.108407
00527.png,1.2122,0.033651,0.012486,0.010425,0.169509,0.243242,0.108131
00528.png,1.2801,0.035534,0.013185,0.011008,0.168027,0.247728,0.108413
00529.png,1.7626,0.048931,0.018155,0.015159,0.118644,0.344478,0.182027
00530.png,1.2767,0.035442,0.013150,0.010980,0.174053,0.252380,0.111893
00531.png,1.4935,0.041460,0.015383,0.012844,0.129730,0.236563,0.102139
00532.png,1.1016,0.030581,0.011347,0.009474,0.180700,0.245761,0.110020
00533.png,1.5238,0.042300,0.015695,0.013104,0.118224,0.255538,0.106981
00534.png,1.8138,0.050350,0.018682,0.015598,0.096128,0.412934,0.214607
00535.png,1.4009,0.038890,0.014430,0.012048,0.124603,0.386340,0.179641
00536.png,1.6223,0.045035,0.016710,0.013952,0.106003,0.340315,0.155907
00537.png,1.0903,0.030266,0.011230,0.009376,0.181065,0.315617,0.142697
00538.png,1.0017,0.027808,0.010318,0.008615,0.183226,0.259727,0.118946
00539.png,1.2996,0.036078,0.013386,0.011177,0.132687,0.320406,0.146561
00540.png,1.6312,0.045281,0.016801,0.014028,0.091086,0.420306,0.193969
00541.png,1.5581,0.043253,0.016049,0.013400,0.101145,0.276125,0.123739
00542.png,1.5602,0.043312,0.016070,0.013418,0.109485,0.257414,0.112561
00543.png,1.8343,0.050921,0.018893,0.015775,0.088459,0.262668,0.108608
00544.png,1.3212,0.036676,0.013608,0.011362,0.135550,0.301627,0.137542
00545.png,1.9286,0.053538,0.019864,0.016586,0.068732,0.230209,0.098613
00546.png,1.4006,0.038881,0.014426,0.012045,0.119811,0.186420,0.085545
00547.png,1.7107,0.047489,0.017620,0.014712,0.096727,0.234834,0.100989
00548.png,1.9548,0.054265,0.020134,0.016811,0.058225,0.198950,0.085987
00549.png,1.5826,0.043934,0.016301,0.013611,0.093589,0.225688,0.097011
00550.png,1.4219,0.039471,0.014645,0.012228,0.117136,0.205370,0.090502
00551.png,1.3175,0.036573,0.013570,0.011330,0.122667,0.317370,0.141088
00552.png,1.8761,0.052080,0.019324,0.016134,0.078337,0.195943,0.084830
00553.png,1.3487,0.037440,0.013891,0.011599,0.118461,0.207706,0.089792
00554.png,1.6060,0.044582,0.016542,0.013812,0.097730,0.210494,0.091620
00555.png,1.3597,0.037745,0.014005,0.011693,0.124885,0.226216,0.102032
00556.png,1.8316,0.050846,0.018866,0.015752,0.071583,0.240090,0.105053
00557.png,1.0738,0.029810,0.011061,0.009235,0.167570,0.242343,0.109623
00558.png,1.8639,0.051743,0.019199,0.016030,0.076031,0.226595,0.100768
00559.png,1.0296,0.028581,0.010605,0.008854,0.172388,0.224973,0.098193
00560.png,1.5800,0.043860,0.016274,0.013588,0.105419,0.211250,0.092570
00561.png,1.1147,0.030945,0.011482,0.009587,0.170421,0.229946,0.100302
00562.png,1.9783,0.054918,0.020377,0.017014,0.087660,0.334986,0.144659
00563.png,1.6251,0.045112,0.016738,0.013976,0.099890,0.388612,0.170401
00564.png,1.0617,0.029474,0.010936,0.009131,0.166359,0.287496,0.121494
00565.png,1.6027,0.044492,0.016508,0.013784,0.087017,0.237821,0.095801
00566.png,1.3363,0.037094,0.013763,0.011492,0.120468,0.279477,0.110996
00567.png,1.9318,0.053626,0.019897,0.016613,0.075480,0.308958,0.120380
00568.png,1.7998,0.049963,0.018538,0.015478,0.085789,0.336140,0.126690
00569.png,1.0765,0.029885,0.011088,0.009258,0.178258,0.361356,0.132570
00570.png,1.0424,0.028936,0.010736,0.008964,0.180842,0.335615,0.122450
00571.png,1.9084,0.052978,0.019657,0.016412,0.084025,0.314028,0.108029
00572.png,1.2577,0.034914,0.012954,0.010816,0.151875,0.301059,0.138362
00573.png,1.1437,0.031748,0.011780,0.009836,0.170199,0.266143,0.120352
00574.png,1.5400,0.042751,0.015862,0.013244,0.120970,0.262204,0.116874
00575.png,1.5410,0.042777,0.015872,0.013252,0.126593,0.253050,0.110658
00576.png,1.4703,0.040816,0.015144,0.012645,0.125423,0.245880,0.106568
00577.png,1.6990,0.047164,0.017499,0.014611,0.104607,0.380110,0.200809
00578.png,1.4746,0.040934,0.015188,0.012681,0.130763,0.239754,0.105846
00579.png,1.5208,0.042217,0.015664,0.013079,0.108303,0.243134,0.105259
00580.png,1.9947,0.055372,0.020545,0.017154,0.077652,0.253004,0.109910
00581.png,1.1814,0.032796,0.012169,0.010160,0.156448,0.287619,0.122111
00582.png,1.8703,0.051921,0.019265,0.016085,0.082606,0.378089,0.196570
00583.png,1.9039,0.052852,0.019610,0.016373,0.082344,0.387369,0.179141
00584.png,1.7927,0.049765,0.018465,0.015417,0.084175,0.348006,0.159478
00585.png,1.7945,0.049816,0.018484,0.015433,0.091562,0.349589,0.155362
00586.png,1.4160,0.039309,0.014585,0.012178,0.120214,0.276495,0.124173
00587.png,1.8196,0.050511,0.018741,0.015648,0.084331,0.342523,0.155287
00588.png,1.9844,0.055087,0.020439,0.017066,0.073522,0.415905,0.191674
00589.png,1.2541,0.034813,0.012917,0.010785,0.130418,0.274969,0.125024
00590.png,1.2070,0.033507,0.012432,0.010380,0.143803,0.258650,0.115150
00591.png,1.6073,0.044619,0.016555,0.013823,0.101506,0.276499,0.115112
00592.png,1.5254,0.042346,0.015712,0.013119,0.104574,0.300531,0.136485
00593.png,1.0655,0.029578,0.010975,0.009163,0.163309,0.225736,0.101113
00594.png,1.3136,0.036466,0.013530,0.011297,0.126740,0.199105,0.092331
00595.png,1.7624,0.048926,0.018153,0.015157,0.085858,0.245055,0.105827
00596.png,1.8857,0.052347,0.019423,0.016217,0.073277,0.216733,0.094164
00597.png,1.1454,0.031798,0.011798,0.009851,0.147424,0.194417,0.086396
00598.png,1.6964,0.047092,0.017473,0.014589,0.088689,0.217279,0.095559
00599.png,1.0668,0.029615,0.010988,0.009175,0.159531,0.316461,0.143603
00600.png,1.7817,0.049459,0.018351,0.015322,0.082424,0.208348,0.090708
00601.png,1.1019,0.030590,0.011350,0.009477,0.166047,0.196177,0.087062
00602.png,1.2064,0.033491,0.012426,0.010375,0.144718,0.223431,0.099476
00603.png,1.3778,0.038246,0.014191,0.011849,0.121709,0.223114,0.101538
00604.png,1.9213,0.053335,0.019789,0.016523,0.075670,0.216479,0.095480
00605.png,1.3195,0.036628,0.013590,0.011347,0.126879,0.235661,0.106355
00606.png,1.3243,0.036762,0.013640,0.011389,0.131177,0.228372,0.104346
00607.png,1.6677,0.046294,0.017177,0.014342,0.091792,0.272746,0.116029
00608.png,1.6119,0.044745,0.016602,0.013862,0.098069,0.219080,0.096730
00609.png,1.0068,0.027950,0.010371,0.008659,0.174613,0.213963,0.096509
00610.png,1.9510,0.054160,0.020096,0.016779,0.078136,0.305937,0.132916
00611.png,1.2807,0.035553,0.013191,0.011014,0.129496,0.375867,0.167466
00612.png,1.1602,0.032208,0.011951,0.009978,0.146320,0.312470,0.132642
00613.png,1.8320,0.050857,0.018870,0.015756,0.082697,0.279149,0.113080
00614.png,1.8241,0.050638,0.018789,0.015688,0.078361,0.327826,0.129641
00615.png,1.3915,0.038629,0.014333,0.011967,0.108325,0.348753,0.139236
00616.png,1.2677,0.035191,0.013057,0.010902,0.125713,0.350315,0.136405
00617.png,1.1772,0.032678,0.012125,0.010124,0.150054,0.342365,0.128981
00618.png,1.7620,0.048914,0.018149,0.015154,0.085242,0.334122,0.120376
00619.png,1.1526,0.031997,0.011872,0.009913,0.153055,0.328078,0.120265
00620.png,1.0970,0.030452,0.011299,0.009434,0.167733,0.309977,0.145794
00621.png,1.0964,0.030437,0.011293,0.009429,0.169892,0.294526,0.134772
00622.png,1.8546,0.051485,0.019103,0.015950,0.088411,0.262555,0.117068
00623.png,1.3900,0.038588,0.014317,0.011954,0.116444,0.258447,0.114400
00624.png,1.0032,0.027849,0.010333,0.008628,0.179504,0.219807,0.100583
00625.png,1.5565,0.043208,0.016032,0.013386,0.100814,0.373000,0.198149
00626.png,1.1642,0.032319,0.011992,0.010012,0.138053,0.243681,0.111035
00627.png,1.1360,0.031535,0.011701,0.009769,0.143180,0.255205,0.114804
00628.png,1.2353,0.034293,0.012724,0.010624,0.117027,0.277501,0.125702
00629.png,1.0815,0.030023,0.011140,0.009301,0.155073,0.301504,0.133043
00630.png,1.1707,0.032498,0.012058,0.010068,0.143111,0.354755,0.188299
00631.png,1.0001,0.027762,0.010301,0.008600,0.179381,0.366443,0.174446
00632.png,1.6693,0.046340,0.017194,0.014356,0.095415,0.329651,0.151832
00633.png,1.9136,0.053120,0.019710,0.016457,0.075049,0.323191,0.143637
00634.png,1.9226,0.053370,0.019802,0.016534,0.085375,0.326184,0.145000
00635.png,1.0200,0.028316,0.010506,0.008772,0.178557,0.270063,0.126669
00636.png,1.4361,0.039866,0.014792,0.012350,0.118552,0.405110,0.188428
00637.png,1.7293,0.048006,0.017812,0.014872,0.092637,0.260562,0.117003
00638.png,1.7034,0.047287,0.017545,0.014649,0.094779,0.298560,0.130599
00639.png,1.6889,0.046883,0.017395,0.014524,0.090173,0.277936,0.115694
00640.png,1.2358,0.034306,0.012729,0.010628,0.139510,0.316368,0.145342
00641.png,1.0673,0.029628,0.010993,0.009179,0.166785,0.216058,0.097435
00642.png,1.1683,0.032433,0.012034,0.010048,0.141176,0.179883,0.085080
00643.png,1.6994,0.047176,0.017504,0.014615,0.082820,0.213023,0.092755
00644.png,1.2514,0.034738,0.012889,0.010762,0.137926,0.195927,0.088364
00645.png,1.3398,0.037193,0.013800,0.011522,0.123583,0.199486,0.088105
00646.png,1.8705,0.051924,0.019266,0.016086,0.081124,0.235669,0.103244
00647.png,1.5442,0.042868,0.015906,0.013280,0.104440,0.312616,0.139363
00648.png,1.1022,0.030598,0.011353,0.009479,0.149579,0.206204,0.093399
00649.png,1.8734,0.052005,0.019296,0.016111,0.074468,0.206812,0.088802
00650.png,1.9225,0.053369,0.019802,0.016534,0.075624,0.232562,0.101262
00651.png,1.1048,0.030669,0.011379,0.009501,0.152304,0.211274,0.098319
00652.png,1.8644,0.051757,0.019204,0.016034,0.072410,0.208892,0.092974
00653.png,1.1350,0.031509,0.011691,0.009761,0.142845,0.230677,0.108887
00654.png,1.2156,0.033744,0.012520,0.010454,0.131704,0.243047,0.115569
00655.png,1.1609,0.032227,0.011957,0.009984,0.139270,0.278969,0.125686
00656.png,1.7092,0.047446,0.017604,0.014699,0.087505,0.234342,0.104813
00657.png,1.5438,0.042857,0.015902,0.013277,0.100900,0.252467,0.109943
00658.png,1.6999,0.047190,0.017509,0.014619,0.087689,0.317067,0.138693
00659.png,1.5281,0.042421,0.015740,0.013142,0.100917,0.346272,0.153393
00660.png,1.5370,0.042667,0.015831,0.013218,0.101574,0.274907,0.115122
00661.png,1.9101,0.053024,0.019674,0.016427,0.068880,0.266418,0.107650
00662.png,1.3411,0.037228,0.013813,0.011533,0.117088,0.270922,0.110734
00663.png,1.7610,0.048885,0.018138,0.015144,0.074020,0.301902,0.120156
00664.png,1.3054,0.036237,0.013445,0.011226,0.119044,0.359787,0.141170
00665.png,1.2718,0.035304,0.013099,0.010937,0.128999,0.359222,0.133181
00666.png,1.2861,0.035702,0.013247,0.011060,0.126813,0.331997,0.121410
00667.png,1.8910,0.052495,0.019478,0.016263,0.073637,0.318475,0.110115
00668.png,1.7278,0.047963,0.017796,0.014859,0.080842,0.336989,0.152959
00669.png,1.6307,0.045269,0.016796,0.014024,0.084457,0.309043,0.136812
00670.png,1.6152,0.044838,0.016637,0.013891,0.093277,0.268290,0.119614
00671.png,1.1455,0.031799,0.011799,0.009851,0.157859,0.240419,0.107846
00672.png,1.1925,0.033103,0.012282,0.010255,0.148839,0.248858,0.110261
00673.png,1.7710,0.049162,0.018241,0.015230,0.086956,0.354574,0.187846
00674.png,1.0349,0.028729,0.010660,0.008900,0.193692,0.259167,0.118480
00675.png,1.4260,0.039587,0.014688,0.012264,0.126644,0.265758,0.116027
00676.png,1.0184,0.028271,0.010490,0.008758,0.193217,0.235993,0.108339
00677.png,1.0859,0.030144,0.011185,0.009339,0.172164,0.263054,0.114392
00678.png,1.7227,0.047823,0.017744,0.014816,0.093192,0.382602,0.199664
00679.png,1.3007,0.036108,0.013397,0.011186,0.135531,0.373686,0.175477
00680.png,1.6223,0.045036,0.016710,0.013952,0.097494,0.357187,0.164104
00681.png,1.5440,0.042862,0.015903,0.013279,0.107722,0.339214,0.151529
00682.png,1.6677,0.046296,0.017177,0.014342,0.094132,0.322482,0.143938
00683.png,1.8841,0.052301,0.019406,0.016203,0.074047,0.334132,0.151595
00684.png,1.1269,0.031282,0.011607,0.009691,0.133153,0.403240,0.190359
00685.png,1.2016,0.033357,0.012377,0.010334,0.130094,0.248600,0.114615
00686.png,1.4486,0.040214,0.014921,0.012458,0.102768,0.264610,0.116854
00687.png,1.2003,0.033321,0.012363,0.010323,0.135261,0.293442,0.124994
00688.png,1.1157,0.030971,0.011491,0.009595,0.139634,0.313630,0.145318
00689.png,1.6883,0.046867,0.017389,0.014519,0.078411,0.241781,0.104784
00690.png,1.1665,0.032381,0.012015,0.010032,0.135568,0.193891,0.091201
00691.png,1.8621,0.051693,0.019180,0.016014,0.071929,0.223187,0.096493
00692.png,1.0049,0.027897,0.010351,0.008642,0.162444,0.180084,0.083655
00693.png,1.1165,0.030995,0.011500,0.009602,0.138667,0.191221,0.086458
00694.png,1.3286,0.036883,0.013685,0.011426,0.108541,0.212439,0.095490
00695.png,1.3744,0.038153,0.014156,0.011820,0.110527,0.331230,0.148428
00696.png,1.1281,0.031317,0.011620,0.009702,0.145568,0.192488,0.087600
00697.png,1.2525,0.034769,0.012901,0.010771,0.125367,0.225434,0.099424
00698.png,1.9903,0.055251,0.020500,0.017117,0.061672,0.251905,0.109488
00699.png,1.3348,0.037054,0.013748,0.011479,0.108910,0.249816,0.113729
00700.png,1.3927,0.038662,0.014345,0.011978,0.106897,0.235103,0.105289
00701.png,1.6477,0.045740,0.016971,0.014170,0.082650,0.272505,0.120967
00702.png,1.6366,0.045431,0.016857,0.014074,0.081882,0.247754,0.111337
00703.png,1.7270,0.047942,0.017788,0.014852,0.077787,0.274492,0.116466
00704.png,1.8896,0.052455,0.019463,0.016251,0.069676,0.226677,0.099526
00705.png,1.3459,0.037361,0.013862,0.011574,0.116808,0.270042,0.118562
00706.png,1.5693,0.043564,0.016164,0.013496,0.097638,0.280712,0.124041
00707.png,1.6511,0.045833,0.017006,0.014199,0.093954,0.388723,0.171942
00708.png,1.5609,0.043332,0.016078,0.013424,0.092762,0.285491,0.118853
00709.png,1.5961,0.044309,0.016440,0.013727,0.083368,0.262660,0.106569
00710.png,1.6502,0.045811,0.016998,0.014192,0.081334,0.290240,0.114722
00711.png,1.1827,0.032831,0.012181,0.010171,0.136980,0.303339,0.121273
00712.png,1.6797,0.046630,0.017301,0.014446,0.080818,0.379651,0.143449
00713.png,1.9978,0.055458,0.020577,0.017181,0.062189,0.388275,0.137968
00714.png,1.1563,0.032100,0.011910,0.009944,0.140785,0.323448,0.117165
00715.png,1.3413,0.037235,0.013816,0.011535,0.117913,0.335612,0.117469
00716.png,1.0435,0.028967,0.010748,0.008974,0.163452,0.312397,0.144877
00717.png,1.6168,0.044883,0.016653,0.013905,0.089778,0.282925,0.125108
00718.png,1.0275,0.028522,0.010583,0.008836,0.154005,0.257128,0.117697
00719.png,1.1658,0.032362,0.012008,0.010026,0.127718,0.234627,0.104490
00720.png,1.6594,0.046064,0.017092,0.014271,0.074634,0.260793,0.112256
00721.png,1.7427,0.048377,0.017950,0.014987,0.067215,0.371374,0.196232
00722.png,1.6017,0.044462,0.016497,0.013774,0.081202,0.271833,0.119017
00723.png,1.0298,0.028588,0.010607,0.008856,0.157726,0.235426,0.105029
00724.png,1.0738,0.029808,0.011060,0.009234,0.160265,0.230386,0.103921
00725.png,1.9828,0.055041,0.020422,0.017052,0.072710,0.273834,0.113681
00726.png,1.9764,0.054866,0.020357,0.016997,0.074076,0.437406,0.227151
00727.png,1.6142,0.044810,0.016626,0.013882,0.095758,0.351149,0.163276
00728.png,1.5082,0.041869,0.015535,0.012971,0.101681,0.335044,0.154629
00729.png,1.1974,0.033241,0.012334,0.010298,0.135606,0.285848,0.129884
00730.png,1.4878,0.041300,0.015324,0.012795,0.101519,0.295638,0.132427
00731.png,1.9940,0.055354,0.020539,0.017149,0.060610,0.309610,0.140063
00732.png,1.1828,0.032834,0.012182,0.010172,0.135922,0.355013,0.166647
00733.png,1.9885,0.055200,0.020481,0.017101,0.063523,0.310868,0.138273
00734.png,1.1626,0.032274,0.011975,0.009998,0.145922,0.282372,0.125623
00735.png,1.6839,0.046744,0.017344,0.014481,0.090250,0.278245,0.115587
00736.png,1.6822,0.046699,0.017327,0.014467,0.083546,0.315111,0.142549
00737.png,1.9234,0.053392,0.019811,0.016541,0.070217,0.238459,0.102677
00738.png,1.5443,0.042869,0.015906,0.013281,0.094437,0.209283,0.095803
00739.png,1.6942,0.047030,0.017450,0.014570,0.082459,0.226371,0.098045
00740.png,1.0750,0.029843,0.011073,0.009245,0.159682,0.197545,0.089401
00741.png,1.7895,0.049676,0.018432,0.015390,0.073705,0.227471,0.097789
00742.png,1.5588,0.043272,0.016056,0.013406,0.098681,0.227408,0.100324
00743.png,1.6587,0.046046,0.017085,0.014265,0.092953,0.320785,0.142112
00744.png,1.5463,0.042926,0.015927,0.013298,0.103902,0.198330,0.086975
00745.png,1.0249,0.028451,0.010556,0.008814,0.191302,0.203899,0.090978
00746.png,1.0054,0.027910,0.010356,0.008646,0.196163,0.210098,0.095610
00747.png,1.8561,0.051524,0.019117,0.015962,0.087287,0.258133,0.115308
00748.png,1.1711,0.032509,0.012062,0.010071,0.167226,0.198069,0.090028
00749.png,1.8005,0.049982,0.018545,0.015484,0.094138,0.259058,0.114479
00750.png,1.1443,0.031767,0.011787,0.009841,0.176352,0.216630,0.099532
00751.png,1.1755,0.032633,0.012108,0.010110,0.169663,0.259591,0.112447
00752.png,1.8662,0.051806,0.019222,0.016050,0.091169,0.227719,0.099229
00753.png,1.5326,0.042546,0.015786,0.013181,0.120469,0.265279,0.113799
00754.png,1.7094,0.047453,0.017607,0.014701,0.109352,0.281968,0.122826
00755.png,1.2400,0.034422,0.012772,0.010664,0.147566,0.369928,0.164753
00756.png,1.2720,0.035312,0.013102,0.010940,0.139070,0.297626,0.125144
00757.png,1.7110,0.047496,0.017623,0.014714,0.086370,0.247740,0.100181
00758.png,1.6113,0.044728,0.016596,0.013857,0.096886,0.292466,0.115649
00759.png,1.7848,0.049546,0.018384,0.015349,0.075958,0.306802,0.120042
00760.png,1.7000,0.047192,0.017510,0.014620,0.081765,0.390212,0.147447
00761.png,1.5194,0.042179,0.015650,0.013067,0.088581,0.380052,0.136572
00762.png,1.8485,0.051314,0.019040,0.015897,0.064403,0.332829,0.117261
00763.png,1.4956,0.041519,0.015405,0.012862,0.088368,0.366769,0.127322
00764.png,1.5710,0.043612,0.016182,0.013511,0.093760,0.285691,0.130204
00765.png,1.1276,0.031302,0.011614,0.009697,0.145498,0.265049,0.119994
00766.png,1.1912,0.033068,0.012270,0.010244,0.129263,0.264860,0.119939
00767.png,1.3293,0.036901,0.013692,0.011432,0.112437,0.278394,0.122447
00768.png,1.8083,0.050199,0.018626,0.015552,0.075282,0.249206,0.107094
00769.png,1.5961,0.044308,0.016440,0.013727,0.084505,0.379758,0.201070
00770.png,1.4777,0.041021,0.015220,0.012708,0.093083,0.288086,0.126531
00771.png,1.1462,0.031819,0.011806,0.009857,0.134543,0.237824,0.105218
00772.png,1.6736,0.046460,0.017239,0.014393,0.077732,0.269721,0.117915
00773.png,1.6822,0.046697,0.017326,0.014467,0.080276,0.261380,0.109335
00774.png,1.4998,0.041636,0.015448,0.012899,0.104467,0.421783,0.220552
00775.png,1.0871,0.030179,0.011197,0.009349,0.158506,0.372416,0.176246
00776.png,1.7950,0.049828,0.018488,0.015437,0.074778,0.356502,0.163537
00777.png,1.7447,0.048433,0.017971,0.015005,0.072229,0.353412,0.157199
00778.png,1.3531,0.037562,0.013937,0.011637,0.108775,0.280606,0.126736
00779.png,1.4244,0.039540,0.014671,0.012249,0.099729,0.300221,0.137475
00780.png,1.4542,0.040368,0.014978,0.012506,0.099131,0.402998,0.187198
00781.png,1.8801,0.052191,0.019365,0.016169,0.065452,0.304247,0.135582
00782.png,1.3234,0.036737,0.013631,0.011381,0.109180,0.290314,0.128244
00783.png,1.9661,0.054578,0.020250,0.016908,0.060787,0.321406,0.132700
00784.png,1.5667,0.043491,0.016137,0.013473,0.092197,0.302821,0.137595
00785.png,1.5816,0.043906,0.016291,0.013602,0.092389,0.237832,0.103336
00786.png,1.4090,0.039115,0.014513,0.012118,0.104476,0.203925,0.094168
00787.png,1.9321,0.053635,0.019901,0.016616,0.062091,0.255673,0.110033
00788.png,1.1930,0.033118,0.012288,0.010260,0.127528,0.189571,0.085170
00789.png,1.5769,0.043775,0.016242,0.013562,0.087752,0.202149,0.087417
00790.png,1.3312,0.036953,0.013711,0.011448,0.110027,0.218603,0.096967
00791.png,1.3732,0.038119,0.014144,0.011809,0.105616,0.322883,0.143991
00792.png,1.2026,0.033385,0.012387,0.010343,0.125554,0.215550,0.096302
00793.png,1.1535,0.032020,0.011881,0.009920,0.134696,0.229768,0.101926
00794.png,1.2598,0.034971,0.012976,0.010834,0.124376,0.222320,0.099051
00795.png,1.7800,0.049413,0.018334,0.015308,0.080597,0.219398,0.098319
00796.png,1.8423,0.051143,0.018976,0.015844,0.072990,0.230824,0.101514
00797.png,1.3141,0.036478,0.013535,0.011301,0.113490,0.262755,0.117811
00798.png,1.1515,0.031964,0.011860,0.009903,0.139619,0.221351,0.101507
00799.png,1.6237,0.045073,0.016724,0.013964,0.088193,0.251268,0.106518
00800.png,1.4074,0.039070,0.014497,0.012104,0.110222,0.238784,0.105224
00801.png,1.7264,0.047924,0.017781,0.014847,0.074843,0.261946,0.111597
00802.png,1.8159,0.050410,0.018704,0.015617,0.072370,0.289822,0.125778
00803.png,1.0832,0.030069,0.011157,0.009315,0.149033,0.362073,0.161983
00804.png,1.7727,0.049209,0.018258,0.015245,0.082255,0.311957,0.128726
00805.png,1.5682,0.043533,0.016152,0.013486,0.103649,0.274850,0.111416
00806.png,1.6396,0.045516,0.016888,0.014101,0.088558,0.315705,0.124692
00807.png,1.1650,0.032341,0.012000,0.010019,0.132179,0.288003,0.115736
00808.png,1.8743,0.052031,0.019306,0.016119,0.065221,0.363310,0.136854
00809.png,1.5450,0.042889,0.015913,0.013287,0.091309,0.365055,0.130922
00810.png,1.3766,0.038216,0.014179,0.011839,0.108508,0.322908,0.115205
00811.png,1.5740,0.043694,0.016212,0.013536,0.078836,0.317718,0.110088
00812.png,1.0511,0.029180,0.010827,0.009040,0.150987,0.316293,0.146472
00813.png,1.3318,0.036970,0.013717,0.011453,0.110461,0.305764,0.135880
00814.png,1.3836,0.038410,0.014251,0.011899,0.120982,0.237782,0.106731
00815.png,1.2239,0.033975,0.012606,0.010525,0.138254,0.235087,0.104365
00816.png,1.3057,0.036247,0.013449,0.011229,0.117758,0.259888,0.113489
00817.png,1.6601,0.046085,0.017099,0.014277,0.080385,0.369021,0.195410
00818.png,1.4566,0.040435,0.015003,0.012527,0.096944,0.267764,0.117807
00819.png,1.1681,0.032427,0.012032,0.010046,0.137709,0.240903,0.105796
00820.png,1.5375,0.042681,0.015836,0.013223,0.089580,0.270584,0.118420
00821.png,1.6818,0.046687,0.017322,0.014463,0.078738,0.281714,0.117446
00822.png,1.3922,0.038648,0.014340,0.011973,0.109843,0.400089,0.209077
00823.png,1.3563,0.037651,0.013970,0.011664,0.118626,0.365895,0.170690
00824.png,1.7023,0.047256,0.017534,0.014640,0.086774,0.319830,0.146900
00825.png,1.7460,0.048468,0.017983,0.015015,0.085870,0.358068,0.159107
00826.png,1.2572,0.034901,0.012950,0.010812,0.132388,0.301456,0.135761
00827.png,1.3993,0.038846,0.014413,0.012034,0.113766,0.313251,0.142957
00828.png,1.0808,0.030003,0.011132,0.009295,0.155247,0.357273,0.167030
00829.png,1.2816,0.035577,0.013200,0.011022,0.123968,0.248830,0.112298
00830.png,1.4779,0.041028,0.015223,0.012710,0.102180,0.246779,0.108008
00831.png,1.9807,0.054983,0.020401,0.017034,0.065212,0.269855,0.111296
00832.png,1.3763,0.038205,0.014175,0.011836,0.121486,0.341358,0.155075
00833.png,1.9682,0.054639,0.020273,0.016927,0.078519,0.246195,0.105810
00834.png,1.8189,0.050493,0.018735,0.015643,0.085759,0.203059,0.092277
00835.png,1.4819,0.041136,0.015263,0.012744,0.107571,0.213699,0.093134
00836.png,1.1424,0.031712,0.011766,0.009824,0.154128,0.196138,0.087409
00837.png,1.0170,0.028233,0.010475,0.008747,0.181047,0.190259,0.084183
00838.png,1.9844,0.055088,0.020440,0.017066,0.068540,0.229686,0.100112
00839.png,1.1113,0.030850,0.011447,0.009557,0.156698,0.301638,0.135182
00840.png,1.9844,0.055087,0.020439,0.017066,0.062852,0.213151,0.092280
00841.png,1.2398,0.034416,0.012770,0.010662,0.121770,0.220764,0.095807
00842.png,1.8025,0.050037,0.018566,0.015501,0.070541,0.223647,0.097151
00843.png,1.0722,0.029765,0.011044,0.009221,0.162466,0.222548,0.101570
00844.png,1.4153,0.039288,0.014577,0.012171,0.112300,0.199428,0.088563
00845.png,1.7316,0.048069,0.017835,0.014892,0.078545,0.232818,0.102946
00846.png,1.1145,0.030937,0.011479,0.009584,0.145582,0.232031,0.105602
00847.png,1.2199,0.033864,0.012565,0.010491,0.140205,0.248216,0.106547
00848.png,1.4262,0.039591,0.014690,0.012265,0.112139,0.218709,0.096179
00849.png,1.4285,0.039657,0.014714,0.012286,0.112235,0.230864,0.098978
00850.png,1.8463,0.051255,0.019017,0.015879,0.077724,0.335264,0.144941
00851.png,1.0811,0.030011,0.011135,0.009297,0.167017,0.337825,0.150452
00852.png,1.0784,0.029936,0.011107,0.009274,0.168730,0.286303,0.120478
00853.png,1.5567,0.043213,0.016034,0.013387,0.113624,0.261604,0.105935
00854.png,1.4212,0.039452,0.014638,0.012222,0.120327,0.265152,0.105513
00855.png,1.9889,0.055213,0.020486,0.017105,0.073581,0.354023,0.138114
00856.png,1.7135,0.047567,0.017649,0.014736,0.087249,0.374232,0.141552
00857.png,1.8240,0.050634,0.018787,0.015686,0.078302,0.342792,0.122492
00858.png,1.9707,0.054706,0.020298,0.016948,0.080977,0.320870,0.113235
00859.png,1.0651,0.029567,0.010970,0.009160,0.172578,0.283911,0.102874
00860.png,1.0253,0.028463,0.010561,0.008818,0.180673,0.271064,0.127779
00861.png,1.8135,0.050342,0.018679,0.015596,0.081673,0.324371,0.142972
00862.png,1.6566,0.045987,0.017063,0.014247,0.098419,0.266560,0.118848
00863.png,1.3596,0.037742,0.014004,0.011692,0.126626,0.274565,0.121494
00864.png,1.3390,0.037170,0.013792,0.011515,0.122150,0.245301,0.108265
00865.png,1.7597,0.048849,0.018125,0.015133,0.074930,0.369046,0.195532
00866.png,1.9060,0.052910,0.019632,0.016391,0.069772,0.266869,0.116688
00867.png,1.8161,0.050415,0.018706,0.015618,0.076491,0.245912,0.106107
00868.png,1.9564,0.054311,0.020151,0.016825,0.066413,0.245956,0.107279
00869.png,1.2512,0.034733,0.012887,0.010760,0.119511,0.254199,0.109643
00870.png,1.0141,0.028152,0.010446,0.008722,0.164970,0.399603,0.214099
00871.png,1.6929,0.046994,0.017437,0.014559,0.084060,0.409115,0.190170
00872.png,1.4371,0.039894,0.014802,0.012359,0.105511,0.360285,0.167277
00873.png,1.9081,0.052970,0.019654,0.016410,0.070579,0.303577,0.135212
00874.png,1.0203,0.028323,0.010509,0.008774,0.157703,0.256997,0.121322
00875.png,1.0600,0.029426,0.010918,0.009116,0.147820,0.297038,0.141311
00876.png,1.6811,0.046666,0.017315,0.014457,0.072498,0.384334,0.178323
00877.png,1.5853,0.044009,0.016329,0.013634,0.074611,0.298943,0.134718
00878.png,1.3303,0.036930,0.013703,0.011441,0.092442,0.300152,0.133998
00879.png,1.6452,0.045671,0.016946,0.014149,0.064664,0.322309,0.134421
00880.png,1.1046,0.030665,0.011378,0.009500,0.123405,0.299986,0.142180
00881.png,1.0322,0.028654,0.010632,0.008877,0.144834,0.209636,0.098783
00882.png,1.2882,0.035761,0.013269,0.011079,0.102158,0.189849,0.090425
00883.png,1.1863,0.032931,0.012219,0.010202,0.118958,0.215526,0.098761
00884.png,1.3792,0.038286,0.014205,0.011861,0.092117,0.224069,0.100880
00885.png,1.9259,0.053463,0.019837,0.016563,0.051473,0.216571,0.093400
00886.png,1.8924,0.052534,0.019492,0.016275,0.054470,0.218518,0.096110
00887.png,1.6751,0.046501,0.017254,0.014406,0.069120,0.349133,0.155268
00888.png,1.5222,0.042255,0.015678,0.013091,0.078982,0.192521,0.086090
00889.png,1.1022,0.030596,0.011352,0.009479,0.126985,0.230053,0.105910
00890.png,1.9279,0.053518,0.019857,0.016580,0.048274,0.231000,0.100694
00891.png,1.9336,0.053676,0.019916,0.016629,0.046234,0.251119,0.112285
00892.png,1.9095,0.053007,0.019667,0.016421,0.051413,0.214985,0.094961
00893.png,1.5088,0.041883,0.015540,0.012975,0.083260,0.273940,0.123084
00894.png,1.0329,0.028673,0.010639,0.008883,0.141483,0.250243,0.119948
00895.png,1.0184,0.028269,0.010489,0.008758,0.136772,0.252103,0.115425
00896.png,1.2436,0.034523,0.012809,0.010695,0.107946,0.230455,0.105245
00897.png,1.7124,0.047535,0.017637,0.014726,0.061785,0.267590,0.114747
00898.png,1.5479,0.042970,0.015944,0.013312,0.066828,0.314726,0.138226
00899.png,1.9543,0.054251,0.020129,0.016807,0.042540,0.426159,0.186153
00900.png,1.4302,0.039703,0.014731,0.012300,0.080005,0.319615,0.134515
00901.png,1.0560,0.029314,0.010877,0.009082,0.130993,0.237854,0.104058
00902.png,1.2365,0.034326,0.012736,0.010634,0.106538,0.312071,0.127926
00903.png,1.2648,0.035110,0.013027,0.010877,0.105789,0.324941,0.131959
00904.png,1.2104,0.033602,0.012467,0.010410,0.111355,0.334771,0.132234
00905.png,1.8018,0.050018,0.018559,0.015496,0.054898,0.383099,0.137102
00906.png,1.9506,0.054148,0.020091,0.016775,0.049722,0.395236,0.139105
00907.png,1.5807,0.043879,0.016281,0.013594,0.072782,0.341240,0.119390
00908.png,1.1635,0.032300,0.011984,0.010006,0.112062,0.319760,0.150219
00909.png,1.9504,0.054143,0.020089,0.016773,0.046407,0.351795,0.154424
00910.png,1.0934,0.030352,0.011262,0.009403,0.127037,0.284194,0.132014
00911.png,1.6591,0.046058,0.017089,0.014269,0.064910,0.269548,0.117981
00912.png,1.4320,0.039752,0.014749,0.012315,0.084670,0.235020,0.103423
00913.png,1.1884,0.032991,0.012241,0.010221,0.116716,0.353869,0.190950
00914.png,1.1213,0.031128,0.011550,0.009643,0.124544,0.262703,0.120278
00915.png,1.5784,0.043816,0.016257,0.013574,0.072326,0.252267,0.109507
00916.png,1.4523,0.040315,0.014959,0.012490,0.081468,0.271738,0.120174
00917.png,1.4552,0.040395,0.014988,0.012514,0.079131,0.277582,0.117411
00918.png,1.5002,0.041645,0.015452,0.012902,0.073163,0.442953,0.231415
00919.png,1.7365,0.048204,0.017885,0.014933,0.054775,0.398313,0.184529
00920.png,1.5850,0.043999,0.016325,0.013631,0.066310,0.376082,0.173152
00921.png,1.0715,0.029746,0.011037,0.009215,0.127006,0.340181,0.156882
00922.png,1.5749,0.043719,0.016221,0.013544,0.071601,0.293701,0.131686
00923.png,1.0872,0.030179,0.011198,0.009350,0.130416,0.333113,0.156399
00924.png,1.3638,0.037858,0.014047,0.011728,0.090001,0.355079,0.166458
00925.png,1.9090,0.052994,0.019663,0.016417,0.047305,0.272179,0.121289
00926.png,1.6844,0.046758,0.017349,0.014486,0.061539,0.276535,0.120774
00927.png,1.2128,0.033667,0.012492,0.010430,0.106656,0.297231,0.126880
00928.png,1.2681,0.035203,0.013062,0.010906,0.095530,0.332424,0.153047
00929.png,1.3214,0.036682,0.013610,0.011364,0.085584,0.218064,0.096892
00930.png,1.7793,0.049394,0.018327,0.015302,0.052689,0.200992,0.091437
00931.png,1.9133,0.053114,0.019707,0.016455,0.047719,0.213616,0.091995
00932.png,1.7754,0.049286,0.018287,0.015269,0.065525,0.211352,0.092196
00933.png,1.3895,0.038571,0.014311,0.011949,0.096162,0.225246,0.098535
00934.png,1.2361,0.034314,0.012732,0.010631,0.106577,0.221535,0.099999
00935.png,1.5965,0.044318,0.016443,0.013730,0.073962,0.323087,0.143211
00936.png,1.1949,0.033170,0.012307,0.010276,0.120773,0.216763,0.097140
00937.png,1.1350,0.031507,0.011690,0.009761,0.130612,0.197819,0.088497
00938.png,1.5127,0.041994,0.015581,0.013010,0.080211,0.241938,0.106122
00939.png,1.3710,0.038059,0.014121,0.011791,0.097166,0.230739,0.104782
00940.png,1.4020,0.038919,0.014441,0.012057,0.090196,0.225372,0.100424
00941.png,1.6237,0.045075,0.016725,0.013964,0.075323,0.259580,0.114891
00942.png,1.3284,0.036877,0.013683,0.011425,0.110927,0.268049,0.121282
00943.png,1.7522,0.048641,0.018048,0.015069,0.069917,0.262754,0.110937
00944.png,1.4081,0.039090,0.014504,0.012110,0.096295,0.223270,0.098610
00945.png,1.6801,0.046639,0.017305,0.014449,0.067742,0.248194,0.105684
00946.png,1.9293,0.053558,0.019872,0.016592,0.055021,0.294661,0.127161
00947.png,1.0021,0.027817,0.010321,0.008618,0.161769,0.327917,0.147999
00948.png,1.6585,0.046041,0.017083,0.014263,0.078132,0.307755,0.126881
00949.png,1.2891,0.035785,0.013277,0.011086,0.111455,0.243550,0.100107
00950.png,1.4121,0.039200,0.014545,0.012144,0.088838,0.328910,0.130421
00951.png,1.5459,0.042914,0.015923,0.013295,0.073482,0.329642,0.129313
00952.png,1.4544,0.040374,0.014980,0.012508,0.090435,0.356774,0.135657
00953.png,1.0378,0.028809,0.010689,0.008925,0.158108,0.319673,0.119083
00954.png,1.1124,0.030881,0.011458,0.009567,0.137930,0.299484,0.109645
00955.png,1.3655,0.037907,0.014065,0.011743,0.099578,0.358713,0.125224
00956.png,1.4671,0.040727,0.015111,0.012617,0.093959,0.300102,0.136925
00957.png,1.7201,0.047750,0.017717,0.014793,0.072307,0.340810,0.149848
00958.png,1.1490,0.031895,0.011834,0.009881,0.123730,0.266972,0.121450
00959.png,1.0994,0.030520,0.011324,0.009455,0.131989,0.267616,0.120476
00960.png,1.7329,0.048105,0.017849,0.014903,0.062629,0.262929,0.113159
00961.png,1.8992,0.052721,0.019562,0.016333,0.049413,0.412523,0.217539
00962.png,1.6211,0.045002,0.016697,0.013942,0.077547,0.270060,0.118441
00963.png,1.9525,0.054202,0.020111,0.016792,0.055117,0.254676,0.108959
00964.png,1.7621,0.048917,0.018150,0.015154,0.064741,0.246732,0.107712
00965.png,1.2141,0.033702,0.012505,0.010441,0.115170,0.262896,0.112993
00966.png,1.5546,0.043155,0.016012,0.013369,0.074184,0.403983,0.210649
00967.png,1.1790,0.032730,0.012144,0.010140,0.114289,0.413336,0.194838
00968.png,1.3148,0.036499,0.013543,0.011307,0.098812,0.358712,0.166736
00969.png,1.1666,0.032386,0.012016,0.010033,0.112371,0.311493,0.142357
00970.png,1.7115,0.047513,0.017629,0.014719,0.062370,0.320432,0.142664
00971.png,1.4485,0.040209,0.014919,0.012457,0.087293,0.324707,0.148669
00972.png,1.4053,0.039011,0.014475,0.012086,0.093838,0.351991,0.164409
00973.png,1.7432,0.048390,0.017955,0.014991,0.061772,0.290917,0.129978
00974.png,1.6179,0.044913,0.016664,0.013914,0.068618,0.306046,0.133526
00975.png,1.3719,0.038085,0.014131,0.011799,0.093255,0.268775,0.113302
00976.png,1.8801,0.052193,0.019365,0.016169,0.050794,0.323882,0.145857
00977.png,1.5562,0.043199,0.016028,0.013383,0.071763,0.233170,0.101445
00978.png,1.3051,0.036230,0.013443,0.011224,0.089756,0.188260,0.088075
00979.png,1.1353,0.031517,0.011694,0.009764,0.115588,0.217614,0.098281
00980.png,1.9257,0.053457,0.019834,0.016561,0.057332,0.207811,0.090426
00981.png,1.4225,0.039490,0.014652,0.012234,0.096701,0.223862,0.098056
00982.png,1.0593,0.029407,0.010911,0.009110,0.151263,0.198371,0.092332
00983.png,1.5911,0.044168,0.016388,0.013683,0.080013,0.307247,0.136707
00984.png,1.9790,0.054936,0.020383,0.017019,0.057724,0.191307,0.083082
00985.png,1.1767,0.032667,0.012121,0.010120,0.130076,0.205333,0.092349
00986.png,1.0723,0.029767,0.011045,0.009222,0.148387,0.211455,0.098233
00987.png,1.5033,0.041732,0.015484,0.012929,0.084470,0.249732,0.113348
00988.png,1.7601,0.048861,0.018129,0.015137,0.066987,0.209971,0.093163
00989.png,1.2335,0.034241,0.012705,0.010608,0.117862,0.240840,0.110762
00990.png,1.3677,0.037966,0.014087,0.011762,0.103199,0.268920,0.122858
00991.png,1.9949,0.055379,0.020548,0.017156,0.060414,0.269747,0.113725
00992.png,1.8015,0.050011,0.018556,0.015493,0.068379,0.248539,0.108848
00993.png,1.6386,0.045486,0.016877,0.014092,0.071872,0.279576,0.120048
00994.png,1.0190,0.028287,0.010496,0.008763,0.154350,0.294488,0.136002
00995.png,1.3878,0.038526,0.014295,0.011935,0.106522,0.348834,0.155722
00996.png,1.2106,0.033606,0.012469,0.010411,0.128376,0.292318,0.125622
00997.png,1.1498,0.031918,0.011843,0.009888,0.136562,0.253921,0.108483
00998.png,1.2472,0.034623,0.012846,0.010726,0.119386,0.302803,0.124075
00999.png,1.4415,0.040017,0.014848,0.012397,0.096393,0.308658,0.123738
01000.png,1.3726,0.038103,0.014138,0.011804,0.113085,0.385063,0.148758
01001.png,1.6246,0.045099,0.016734,0.013972,0.092448,0.353057,0.127564
01002.png,1.9452,0.053999,0.020036,0.016729,0.072588,0.320433,0.113205
01003.png,1.0739,0.029812,0.011061,0.009236,0.160731,0.304062,0.113882
01004.png,1.0364,0.028770,0.010675,0.008913,0.169021,0.304741,0.146596
01005.png,1.1833,0.032849,0.012188,0.010176,0.144806,0.297629,0.137080
01006.png,1.4189,0.039390,0.014615,0.012203,0.105438,0.282870,0.128263
01007.png,1.1611,0.032231,0.011959,0.009985,0.139292,0.237406,0.109716
01008.png,1.7817,0.049460,0.018352,0.015323,0.075479,0.252636,0.109750
01009.png,1.5870,0.044054,0.016346,0.013648,0.097669,0.360355,0.192512
01010.png,1.9646,0.054538,0.020236,0.016896,0.077129,0.277149,0.121608
01011.png,1.3287,0.036885,0.013686,0.011427,0.132428,0.249633,0.112405
01012.png,1.1560,0.032091,0.011907,0.009942,0.158596,0.256134,0.119613
01013.png,1.0589,0.029396,0.010907,0.009107,0.169866,0.258407,0.117915
01014.png,1.6394,0.045510,0.016886,0.014099,0.101213,0.420173,0.220664
01015.png,1.9711,0.054717,0.020302,0.016951,0.079386,0.386159,0.179303
01016.png,1.5128,0.041994,0.015581,0.013010,0.100218,0.345048,0.161107
01017.png,1.1254,0.031241,0.011592,0.009679,0.141273,0.301599,0.142405
01018.png,1.4569,0.040445,0.015006,0.012530,0.101420,0.306584,0.139569
01019.png,1.0384,0.028826,0.010695,0.008930,0.180761,0.273195,0.133940
01020.png,1.3699,0.038028,0.014110,0.011781,0.125432,0.354099,0.167876
01021.png,1.5370,0.042666,0.015831,0.013218,0.098404,0.286394,0.130378
01022.png,1.4283,0.039650,0.014712,0.012284,0.108862,0.273971,0.122795
01023.png,1.8809,0.052215,0.019374,0.016176,0.071048,0.286277,0.119019
01024.png,1.4748,0.040939,0.015190,0.012683,0.101673,0.343826,0.157785
01025.png,1.8863,0.052364,0.019429,0.016222,0.062390,0.223396,0.096753
01026.png,1.0360,0.028761,0.010671,0.008910,0.147001,0.181628,0.091041
01027.png,1.7602,0.048864,0.018130,0.015138,0.071012,0.254727,0.110765
01028.png,1.2898,0.035805,0.013285,0.011092,0.105843,0.214927,0.098827
01029.png,1.2147,0.033720,0.012511,0.010446,0.117577,0.211585,0.097378
01030.png,1.8113,0.050283,0.018657,0.015577,0.067661,0.238360,0.104951
01031.png,1.7123,0.047533,0.017637,0.014726,0.076637,0.293833,0.131191
01032.png,1.7448,0.048437,0.017972,0.015006,0.077323,0.192596,0.085106
01033.png,1.6586,0.046041,0.017083,0.014264,0.075187,0.222710,0.097124
01034.png,1.0405,0.028885,0.010717,0.008949,0.134531,0.234100,0.112677
01035.png,1.3456,0.037354,0.013860,0.011572,0.108733,0.234822,0.109449
01036.png,1.0036,0.027861,0.010337,0.008631,0.165465,0.230061,0.111925
01037.png,1.2815,0.035574,0.013199,0.011021,0.116328,0.244367,0.113689
01038.png,1.3648,0.037887,0.014058,0.011737,0.102944,0.242792,0.112785
01039.png,1.8554,0.051506,0.019111,0.015957,0.059788,0.296943,0.126157
01040.png,1.3218,0.036693,0.013614,0.011367,0.098295,0.246392,0.113047
01041.png,1.9073,0.052946,0.019645,0.016402,0.058590,0.269792,0.115512
01042.png,1.2722,0.035315,0.013103,0.010941,0.107870,0.299223,0.135874
01043.png,1.2423,0.034487,0.012796,0.010684,0.108364,0.388815,0.177008
01044.png,1.6531,0.045889,0.017027,0.014216,0.066441,0.331308,0.138585
01045.png,1.3139,0.036475,0.013534,0.011300,0.099115,0.252008,0.107611
01046.png,1.0925,0.030327,0.011252,0.009395,0.134297,0.297298,0.127231
01047.png,1.8268,0.050713,0.018816,0.015711,0.058265,0.319108,0.125945
01048.png,1.2489,0.034668,0.012863,0.010740,0.098804,0.347608,0.138972
01049.png,1.7090,0.047441,0.017602,0.014697,0.063316,0.366341,0.132470
01050.png,1.1311,0.031399,0.011650,0.009727,0.134132,0.339303,0.128190
01051.png,1.7615,0.048899,0.018143,0.015149,0.075981,0.352575,0.122764
01052.png,1.5625,0.043374,0.016093,0.013437,0.086959,0.301033,0.138832
01053.png,1.2435,0.034520,0.012808,0.010694,0.114070,0.301755,0.139190
01054.png,1.0146,0.028167,0.010451,0.008726,0.147042,0.259719,0.126351
01055.png,1.2887,0.035776,0.013274,0.011083,0.103039,0.289422,0.131146
01056.png,1.8294,0.050784,0.018843,0.015733,0.058692,0.266955,0.115729
01057.png,1.4813,0.041122,0.015258,0.012740,0.083349,0.411161,0.219962
01058.png,1.9959,0.055406,0.020558,0.017165,0.047898,0.273407,0.119595
01059.png,1.0570,0.029342,0.010887,0.009090,0.130474,0.247969,0.117815
01060.png,1.3864,0.038486,0.014280,0.011923,0.088489,0.295671,0.133058
01061.png,1.4768,0.040995,0.015211,0.012700,0.082510,0.271576,0.116906
01062.png,1.7995,0.049955,0.018535,0.015476,0.064878,0.386692,0.202088
01063.png,1.6279,0.045190,0.016767,0.014000,0.072943,0.403673,0.189109
01064.png,1.1240,0.031203,0.011578,0.009667,0.121651,0.354796,0.171569
01065.png,1.3039,0.036196,0.013430,0.011213,0.104905,0.320527,0.147360
01066.png,1.0907,0.030277,0.011234,0.009380,0.136205,0.284322,0.135175
01067.png,1.5447,0.042880,0.015910,0.013284,0.077148,0.338799,0.156069
01068.png,1.2496,0.034689,0.012871,0.010746,0.102102,0.415421,0.197983
01069.png,1.7745,0.049260,0.018277,0.015261,0.055995,0.296518,0.133482
01070.png,1.3072,0.036287,0.013464,0.011242,0.098219,0.277404,0.125608
01071.png,1.0053,0.027908,0.010355,0.008646,0.148375,0.263130,0.120438
01072.png,1.4946,0.041490,0.015394,0.012854,0.086999,0.347282,0.159775
01073.png,1.0314,0.028632,0.010623,0.008870,0.149436,0.221173,0.107141
01074.png,1.4901,0.041365,0.015348,0.012815,0.090829,0.195377,0.092311
01075.png,1.6054,0.044567,0.016536,0.013807,0.088254,0.233567,0.103378
01076.png,1.1655,0.032354,0.012004,0.010023,0.138898,0.190425,0.090933
01077.png,1.0601,0.029427,0.010919,0.009117,0.151827,0.196513,0.095629
01078.png,1.5638,0.043410,0.016107,0.013448,0.091206,0.234704,0.106144
01079.png,1.6246,0.045098,0.016733,0.013971,0.066711,0.358523,0.160963
01080.png,1.6716,0.046404,0.017218,0.014376,0.061603,0.218309,0.097210
01081.png,1.4581,0.040476,0.015018,0.012540,0.097423,0.238417,0.105689
01082.png,1.6870,0.046831,0.017376,0.014508,0.076399,0.248055,0.109660
01083.png,1.6147,0.044823,0.016631,0.013886,0.073608,0.263305,0.119814
01084.png,1.6759,0.046524,0.017262,0.014413,0.074009,0.218038,0.098172
01085.png,1.4803,0.041094,0.015247,0.012731,0.093382,0.240961,0.110546
01086.png,1.9999,0.055518,0.020599,0.017199,0.061849,0.255817,0.115073
01087.png,1.9780,0.054910,0.020374,0.017011,0.059560,0.293125,0.124637
01088.png,1.1149,0.030950,0.011484,0.009588,0.136079,0.221188,0.107341
01089.png,1.6530,0.045887,0.017026,0.014216,0.068781,0.257902,0.112808
01090.png,1.7053,0.047340,0.017565,0.014666,0.064707,0.329384,0.145249
01091.png,1.8123,0.050311,0.018667,0.015586,0.060800,0.383344,0.169876
01092.png,1.3473,0.037400,0.013877,0.011587,0.093360,0.322861,0.139780
01093.png,1.9875,0.055172,0.020471,0.017092,0.052025,0.257241,0.104805
01094.png,1.2891,0.035785,0.013278,0.011086,0.106917,0.308685,0.129720
01095.png,1.4951,0.041503,0.015399,0.012858,0.091291,0.299910,0.122662
01096.png,1.3786,0.038269,0.014199,0.011856,0.110439,0.329242,0.131114
01097.png,1.7972,0.049890,0.018511,0.015456,0.082531,0.408594,0.148148
01098.png,1.7504,0.048591,0.018029,0.015054,0.076687,0.354534,0.127896
01099.png,1.7173,0.047672,0.017688,0.014769,0.070985,0.326526,0.116346
01100.png,1.4742,0.040924,0.015184,0.012678,0.085735,0.320840,0.151110
01101.png,1.7577,0.048793,0.018104,0.015116,0.054222,0.347340,0.155510
01102.png,1.1461,0.031816,0.011805,0.009857,0.142816,0.276620,0.133598
01103.png,1.9615,0.054451,0.020203,0.016869,0.066808,0.285710,0.125864
01104.png,1.4350,0.039837,0.014781,0.012341,0.108656,0.254753,0.116035
01105.png,1.4405,0.039988,0.014837,0.012388,0.079204,0.351761,0.190850
01106.png,1.8508,0.051379,0.019064,0.015917,0.043090,0.288058,0.127574
01107.png,1.4006,0.038880,0.014426,0.012045,0.073484,0.290134,0.130258
01108.png,1.8495,0.051343,0.019050,0.015906,0.036512,0.284270,0.125147
01109.png,1.6564,0.045980,0.017060,0.014245,0.051944,0.329292,0.139770
01110.png,1.0605,0.029438,0.010923,0.009120,0.117092,0.446117,0.241422
01111.png,1.9626,0.054481,0.020214,0.016878,0.033906,0.450023,0.208908
01112.png,1.7708,0.049157,0.018239,0.015229,0.086551,0.362167,0.170538
01113.png,1.4632,0.040620,0.015071,0.012584,0.110782,0.343804,0.160776
01114.png,1.0427,0.028946,0.010740,0.008968,0.162300,0.313480,0.154976
01115.png,1.3224,0.036711,0.013621,0.011373,0.114186,0.329689,0.159695
01116.png,1.7592,0.048835,0.018120,0.015129,0.073671,0.383456,0.182888
01117.png,1.3481,0.037425,0.013886,0.011594,0.119892,0.309417,0.150052
01118.png,1.2325,0.034214,0.012695,0.010599,0.127038,0.294859,0.140862
01119.png,1.1711,0.032509,0.012062,0.010071,0.144965,0.267980,0.126170
01120.png,1.2314,0.034185,0.012684,0.010590,0.133449,0.343487,0.167889
01121.png,1.0950,0.030397,0.011279,0.009417,0.152831,0.258790,0.128741
01122.png,1.9767,0.054875,0.020361,0.017000,0.069782,0.231198,0.110439
01123.png,1.0026,0.027833,0.010327,0.008623,0.188741,0.233185,0.121641
01124.png,1.6330,0.045332,0.016820,0.014044,0.098134,0.215249,0.102356
01125.png,1.2314,0.034184,0.012684,0.010590,0.143466,0.228690,0.112846
01126.png,1.9021,0.052803,0.019592,0.016358,0.081204,0.242139,0.112449
01127.png,1.1289,0.031338,0.011627,0.009708,0.174817,0.307972,0.153242
01128.png,1.9312,0.053610,0.019891,0.016608,0.077323,0.199267,0.092524
01129.png,1.9865,0.055144,0.020461,0.017084,0.068619,0.236874,0.106442
01130.png,1.2249,0.034002,0.012616,0.010534,0.136770,0.225967,0.111741
01131.png,1.5717,0.043632,0.016189,0.013517,0.093149,0.275015,0.131044
01132.png,1.8434,0.051173,0.018987,0.015853,0.072952,0.239667,0.111630
01133.png,1.9889,0.055211,0.020485,0.017104,0.063414,0.259039,0.119749
01134.png,1.5148,0.042050,0.015602,0.013027,0.100013,0.254021,0.122544
01135.png,1.3458,0.037360,0.013862,0.011574,0.133404,0.291249,0.135815
01136.png,1.1498,0.031920,0.011843,0.009889,0.169598,0.210414,0.105915
01137.png,1.1073,0.030740,0.011406,0.009523,0.165435,0.236336,0.112603
01138.png,1.1439,0.031756,0.011783,0.009838,0.152210,0.313299,0.145975
01139.png,1.0037,0.027863,0.010338,0.008632,0.174696,0.370752,0.174314
01140.png,1.7541,0.048694,0.018067,0.015085,0.073984,0.289892,0.123438
01141.png,1.5973,0.044340,0.016452,0.013736,0.084655,0.244735,0.102996
01142.png,1.6274,0.045177,0.016763,0.013996,0.077862,0.279242,0.113862
01143.png,1.7446,0.048429,0.017969,0.015003,0.070144,0.362576,0.144735
01144.png,1.8035,0.050065,0.018576,0.015510,0.068137,0.403883,0.155103
01145.png,1.6480,0.045747,0.016974,0.014172,0.085860,0.352074,0.130070
01146.png,1.7644,0.048980,0.018173,0.015174,0.082292,0.362998,0.132095
01147.png,1.7362,0.048198,0.017883,0.014932,0.087340,0.353457,0.126107
01148.png,1.4172,0.039342,0.014597,0.012188,0.131493,0.292485,0.138996
01149.png,1.3617,0.037800,0.014025,0.011710,0.124319,0.306064,0.140704
01150.png,1.0003,0.027769,0.010303,0.008603,0.176229,0.272502,0.130142
01151.png,1.6937,0.047018,0.017446,0.014566,0.074446,0.282426,0.125263
01152.png,1.8159,0.050410,0.018704,0.015617,0.067016,0.280660,0.122726
01153.png,1.6724,0.046426,0.017226,0.014383,0.074617,0.404990,0.216208
01154.png,1.8275,0.050732,0.018823,0.015717,0.071660,0.279237,0.124240
01155.png,1.5415,0.042792,0.015878,0.013257,0.102244,0.257111,0.114905
01156.png,1.6209,0.044997,0.016696,0.013940,0.122272,0.237325,0.109344
01157.png,1.4285,0.039655,0.014714,0.012285,0.153548,0.285493,0.127054
01158.png,1.0383,0.028823,0.010694,0.008929,0.195594,0.377673,0.206267
01159.png,1.9689,0.054656,0.020280,0.016932,0.086240,0.403967,0.190816
01160.png,1.7780,0.049356,0.018313,0.015290,0.087558,0.319469,0.150570
01161.png,1.9193,0.053279,0.019769,0.016506,0.080878,0.351623,0.159678
01162.png,1.5660,0.043473,0.016130,0.013468,0.113138,0.318747,0.147119
01163.png,1.0438,0.028975,0.010751,0.008976,0.170881,0.279256,0.136389
01164.png,1.0905,0.030273,0.011233,0.009379,0.144619,0.366909,0.177876
01165.png,1.3382,0.037149,0.013784,0.011509,0.115765,0.292231,0.136217
01166.png,1.5084,0.041872,0.015536,0.012972,0.097486,0.277347,0.125338
01167.png,1.7451,0.048445,0.017975,0.015008,0.077035,0.281328,0.119559
01168.png,1.2417,0.034470,0.012790,0.010679,0.116808,0.319482,0.149920
01169.png,1.6259,0.045134,0.016746,0.013982,0.074413,0.257873,0.114195
01170.png,1.6907,0.046935,0.017415,0.014540,0.066271,0.198100,0.092247
01171.png,1.8316,0.050844,0.018865,0.015751,0.059753,0.257358,0.112482
01172.png,1.3390,0.037171,0.013792,0.011515,0.102045,0.221636,0.100327
01173.png,1.2929,0.035890,0.013317,0.011119,0.105257,0.231379,0.103944
01174.png,1.3340,0.037031,0.013740,0.011472,0.103839,0.209173,0.096408
01175.png,1.3685,0.037990,0.014096,0.011769,0.084411,0.321960,0.146128
01176.png,1.2588,0.034946,0.012966,0.010826,0.119522,0.194139,0.091138
01177.png,1.8212,0.050557,0.018758,0.015662,0.063266,0.231203,0.102180
01178.png,1.8172,0.050444,0.018717,0.015627,0.059775,0.240561,0.107088
01179.png,1.9149,0.053159,0.019724,0.016469,0.053121,0.251809,0.114152
01180.png,1.6048,0.044548,0.016529,0.013801,0.070075,0.242413,0.109677
01181.png,1.9353,0.053723,0.019933,0.016643,0.051640,0.282599,0.126477
01182.png,1.1762,0.032650,0.012114,0.010115,0.124442,0.233723,0.111505
01183.png,1.4721,0.040867,0.015163,0.012660,0.095110,0.287702,0.126536
01184.png,1.6349,0.045384,0.016839,0.014060,0.074392,0.243213,0.109696
01185.png,1.7508,0.048601,0.018033,0.015057,0.066964,0.274919,0.120440
01186.png,1.1805,0.032771,0.012159,0.010153,0.151838,0.310967,0.146109
01187.png,1.2768,0.035443,0.013151,0.010980,0.114197,0.372564,0.173370
01188.png,1.1048,0.030670,0.011380,0.009502,0.146709,0.279557,0.129261
01189.png,1.4067,0.039050,0.014489,0.012098,0.098349,0.276093,0.122173
01190.png,1.8146,0.050374,0.018691,0.015606,0.079425,0.287883,0.120054
01191.png,1.5461,0.042920,0.015925,0.013297,0.100926,0.328511,0.137750
01192.png,1.8048,0.050102,0.018590,0.015521,0.079446,0.339660,0.134106
01193.png,1.5758,0.043744,0.016231,0.013552,0.098603,0.349142,0.132206
01194.png,1.2599,0.034975,0.012977,0.010835,0.135101,0.341483,0.130955
01195.png,1.0964,0.030435,0.011293,0.009429,0.165459,0.316387,0.122292
01196.png,1.3097,0.036357,0.013490,0.011263,0.134761,0.301944,0.145327
01197.png,1.6855,0.046789,0.017361,0.014495,0.101026,0.330844,0.151449
01198.png,1.3046,0.036215,0.013437,0.011219,0.145205,0.263165,0.125387
01199.png,1.4885,0.041321,0.015332,0.012801,0.122698,0.243201,0.113298
01200.png,1.2817,0.035581,0.013202,0.011023,0.154528,0.248813,0.116562
01201.png,1.0221,0.028374,0.010528,0.008790,0.202294,0.341984,0.191277
01202.png,1.7618,0.048909,0.018147,0.015152,0.096131,0.259329,0.118554
01203.png,1.0011,0.027790,0.010311,0.008609,0.196496,0.233073,0.112814
01204.png,1.7627,0.048932,0.018156,0.015159,0.099107,0.281763,0.127970
01205.png,1.8420,0.051134,0.018973,0.015841,0.095759,0.315843,0.136301
01206.png,1.4284,0.039653,0.014713,0.012284,0.145353,0.386032,0.207269
01207.png,1.3682,0.037982,0.014093,0.011767,0.158508,0.402399,0.193972
01208.png,1.6150,0.044832,0.016634,0.013889,0.146207,0.360663,0.171980
01209.png,1.8182,0.050472,0.018727,0.015636,0.128667,0.309328,0.143308
01210.png,1.1987,0.033277,0.012347,0.010309,0.191134,0.270883,0.129133
01211.png,1.3146,0.036492,0.013540,0.011305,0.171298,0.317689,0.151083
01212.png,1.7525,0.048649,0.018051,0.015071,0.102555,0.409054,0.190765
01213.png,1.3102,0.036372,0.013495,0.011268,0.138439,0.260458,0.119873
01214.png,1.9319,0.053629,0.019898,0.016614,0.055229,0.293480,0.127742
01215.png,1.7085,0.047427,0.017597,0.014693,0.058146,0.283857,0.117623
01216.png,1.9935,0.055341,0.020533,0.017144,0.039144,0.311197,0.139919
01217.png,1.1805,0.032770,0.012159,0.010152,0.107682,0.242102,0.106110
01218.png,1.3012,0.036122,0.013403,0.011191,0.124476,0.197959,0.091680
01219.png,1.3891,0.038563,0.014308,0.011947,0.136140,0.201500,0.088743
01220.png,1.3001,0.036091,0.013391,0.011181,0.169116,0.194402,0.087146
01221.png,1.3205,0.036657,0.013601,0.011356,0.166100,0.209252,0.092273
01222.png,1.8750,0.052049,0.019312,0.016125,0.102101,0.210487,0.092469
01223.png,1.6568,0.045994,0.017065,0.014249,0.092231,0.284929,0.126078
01224.png,1.9818,0.055013,0.020412,0.017043,0.094587,0.202033,0.087950
01225.png,1.5907,0.044157,0.016384,0.013680,0.114620,0.192095,0.083370
01226.png,1.3987,0.038829,0.014407,0.012029,0.105906,0.200038,0.088693
01227.png,1.1261,0.031260,0.011599,0.009684,0.168971,0.212202,0.098625
01228.png,1.9666,0.054593,0.020256,0.016913,0.060019,0.213090,0.093609
01229.png,1.4776,0.041018,0.015219,0.012707,0.083256,0.264243,0.117347
01230.png,1.4793,0.041065,0.015237,0.012722,0.080663,0.264309,0.118617
01231.png,1.4705,0.040820,0.015146,0.012646,0.091195,0.266425,0.113566
01232.png,1.2130,0.033672,0.012494,0.010432,0.086946,0.215552,0.096196
01233.png,1.6409,0.045551,0.016901,0.014111,0.041625,0.269664,0.114489
01234.png,1.7139,0.047578,0.017653,0.014739,0.035195,0.327739,0.141437
01235.png,1.3450,0.037336,0.013853,0.011567,0.133295,0.346708,0.154421
01236.png,1.5020,0.041695,0.015471,0.012917,0.117167,0.301141,0.125942
01237.png,1.5719,0.043635,0.016190,0.013518,0.112941,0.245297,0.100406
01238.png,1.9355,0.053728,0.019935,0.016645,0.082184,0.295463,0.116447
01239.png,1.0319,0.028644,0.010628,0.008874,0.198203,0.293324,0.120605
01240.png,1.6067,0.044601,0.016549,0.013817,0.096497,0.322633,0.122944
01241.png,1.2610,0.035006,0.012988,0.010845,0.144129,0.334172,0.123090
01242.png,1.7890,0.049664,0.018427,0.015386,0.072213,0.358908,0.126968
01243.png,1.1351,0.031509,0.011691,0.009761,0.153659,0.317177,0.114775
01244.png,1.7207,0.047766,0.017723,0.014798,0.088417,0.319967,0.145630
01245.png,1.9509,0.054157,0.020094,0.016778,0.050313,0.331722,0.145491
01246.png,1.7305,0.048039,0.017824,0.014882,0.060038,0.270713,0.120268
01247.png,1.5881,0.044085,0.016357,0.013658,0.057401,0.268424,0.117557
01248.png,1.1434,0.031741,0.011777,0.009833,0.140949,0.217938,0.099102
01249.png,1.3222,0.036703,0.013618,0.011371,0.135134,0.327621,0.176752
01250.png,1.4798,0.041080,0.015242,0.012727,0.090785,0.248878,0.111024
01251.png,1.7902,0.049696,0.018439,0.015396,0.086614,0.236686,0.103122
01252.png,1.4655,0.040683,0.015095,0.012604,0.110305,0.247077,0.110883
01253.png,1.9854,0.055114,0.020449,0.017074,0.067190,0.266615,0.111684
01254.png,1.5270,0.042389,0.015728,0.013132,0.101295,0.401439,0.211031
01255.png,1.4553,0.040400,0.014990,0.012516,0.105542,0.415246,0.194871
01256.png,1.0852,0.030124,0.011177,0.009332,0.160696,0.343072,0.164071
01257.png,1.8925,0.052536,0.019493,0.016276,0.076711,0.317536,0.142261
01258.png,1.0538,0.029253,0.010854,0.009062,0.169504,0.256568,0.122114
01259.png,1.2321,0.034203,0.012690,0.010596,0.141110,0.292873,0.138094
01260.png,1.8491,0.051330,0.019045,0.015902,0.078976,0.363127,0.169009
01261.png,1.0407,0.028890,0.010719,0.008950,0.184357,0.276978,0.132130
01262.png,1.3157,0.036523,0.013552,0.011315,0.131481,0.249255,0.113627
01263.png,1.4148,0.039274,0.014572,0.012167,0.122048,0.286557,0.123135
01264.png,1.2917,0.035859,0.013305,0.011109,0.131571,0.315064,0.147439
01265.png,1.0561,0.029317,0.010878,0.009082,0.167162,0.215280,0.101371
01266.png,1.7467,0.048488,0.017991,0.015022,0.082355,0.199746,0.093039
01267.png,1.1434,0.031742,0.011777,0.009833,0.151638,0.216386,0.100951
01268.png,1.2862,0.035706,0.013248,0.011062,0.119653,0.194097,0.089713
01269.png,1.7760,0.049302,0.018293,0.015274,0.074910,0.206497,0.090662
01270.png,1.0905,0.030271,0.011232,0.009378,0.160843,0.226858,0.106825
01271.png,1.7504,0.048590,0.018029,0.015053,0.074848,0.344715,0.153782
01272.png,1.0012,0.027794,0.010313,0.008611,0.166350,0.214242,0.102557
01273.png,1.6693,0.046340,0.017194,0.014356,0.087362,0.227562,0.099674
01274.png,1.6066,0.044598,0.016548,0.013816,0.086682,0.204761,0.091656
01275.png,1.3092,0.036344,0.013485,0.011259,0.112091,0.252019,0.117076
01276.png,1.4997,0.041631,0.015447,0.012897,0.096471,0.204668,0.093571
01277.png,1.5117,0.041965,0.015571,0.013001,0.095290,0.255109,0.116006
01278.png,1.1515,0.031967,0.011861,0.009903,0.134039,0.239410,0.113845
01279.png,1.0724,0.029771,0.011046,0.009223,0.160397,0.269245,0.123248
01280.png,1.4369,0.039887,0.014800,0.012357,0.113932,0.238826,0.108487
01281.png,1.7088,0.047436,0.017600,0.014696,0.093472,0.256599,0.111666
01282.png,1.3356,0.037078,0.013757,0.011487,0.135769,0.299687,0.136161
01283.png,1.8926,0.052539,0.019494,0.016276,0.069501,0.348017,0.153701
01284.png,1.8534,0.051451,0.019090,0.015939,0.063548,0.298591,0.124392
01285.png,1.9368,0.053766,0.019949,0.016657,0.064575,0.289448,0.117521
01286.png,1.6275,0.045179,0.016763,0.013996,0.084837,0.290565,0.117213
01287.png,1.1462,0.031819,0.011806,0.009857,0.147170,0.325872,0.137128
01288.png,1.6628,0.046159,0.017127,0.014300,0.083771,0.381565,0.146580
01289.png,1.3052,0.036232,0.013443,0.011225,0.124445,0.342085,0.128561
01290.png,1.1044,0.030658,0.011375,0.009498,0.169179,0.343966,0.132409
01291.png,1.7046,0.047320,0.017558,0.014660,0.099152,0.324252,0.114838
01292.png,1.9470,0.054049,0.020054,0.016744,0.078941,0.335297,0.153066
01293.png,1.3791,0.038283,0.014204,0.011860,0.128384,0.318621,0.145759
01294.png,1.3431,0.037285,0.013834,0.011551,0.132671,0.252038,0.117107
01295.png,1.8817,0.052237,0.019382,0.016183,0.075535,0.265643,0.116838
01296.png,1.9914,0.055280,0.020511,0.017126,0.077274,0.266829,0.116028
01297.png,1.5862,0.044032,0.016337,0.013641,0.107627,0.370172,0.198502
01298.png,1.4062,0.039036,0.014484,0.012093,0.134349,0.251678,0.114959
01299.png,1.4179,0.039361,0.014604,0.012194,0.131978,0.235414,0.105936
01300.png,1.8519,0.051408,0.019074,0.015926,0.088366,0.284604,0.125515
01301.png,1.8985,0.052704,0.019555,0.016327,0.093989,0.271216,0.114520
01302.png,1.4917,0.041410,0.015365,0.012829,0.144210,0.364169,0.193290
01303.png,1.9429,0.053936,0.020012,0.016709,0.108113,0.394413,0.184067
01304.png,1.7141,0.047584,0.017656,0.014742,0.120530,0.319225,0.148657
01305.png,1.8302,0.050806,0.018851,0.015740,0.112790,0.289874,0.130600
01306.png,1.9415,0.053896,0.019998,0.016697,0.102729,0.314370,0.140771
01307.png,1.9609,0.054434,0.020197,0.016864,0.116748,0.300689,0.137696
01308.png,1.3012,0.036122,0.013402,0.011190,0.191597,0.320374,0.152645
01309.png,1.3006,0.036105,0.013396,0.011185,0.197333,0.270191,0.125963
01310.png,1.8673,0.051837,0.019233,0.016059,0.143885,0.247604,0.109701
01311.png,1.8937,0.052568,0.019505,0.016286,0.122778,0.289684,0.120864
01312.png,1.3616,0.037799,0.014025,0.011710,0.156925,0.320238,0.147463
01313.png,1.9303,0.053584,0.019882,0.016600,0.091020,0.248721,0.107470
01314.png,1.9259,0.053463,0.019837,0.016563,0.084152,0.208428,0.095154
01315.png,1.7167,0.047657,0.017682,0.014764,0.079932,0.247618,0.107672
